Parcela,Cultura,DMG,DMP,RMP,Densidade,Estoque de C,Na,ICV(%),Altura de Plantas,Diâmetro espiga,Comprimento espiga,Número de plantas_ha,N total de espigas_ha,N de espigas comerciais_ha,Peso de espigas comerciais_ha,Produtividade,DMG_norm,DMP_norm,RMP_norm,Densidade_norm,Estoque de C_norm,Na_norm,ICV(%)_norm,Altura de Plantas_norm,Diâmetro espiga_norm,Comprimento espiga_norm,Número de plantas_ha_norm,N total de espigas_ha_norm,N de espigas comerciais_ha_norm,Peso de espigas comerciais_ha_norm,Produtividade_norm,COS,ARQ,STAND,IPACSA,Parcela_Cultura
NT,Cowpea,-0.5962372778847748,-0.8949947545004238,-0.7456160161925993,-0.4726268487415444,-0.4983538619894255,10.4,-0.08027460283498654,2,55.2,18.4,13666.666666666666,12500,10000,2213.3333333333335,10000,0.09617676074192857,0.10487843879373523,9.891348447108719,9.949044959340922,0.03825468696931934,7.571780147662018,5.263157894736841,5.714285714285715,7.500000000000002,2.3684210526315757,4.285714285714286,2.5999999999999988,7.121212121212121,6.3396226415094334,7.121212121212121,4.9947435760288474,5.069945197901648,3.598581622764512,5.245216744638739,NT_Cowpea
NT,Cowpea,-0.5508998253850244,-0.7618988307470118,-0.6563993280660181,-0.48714804165323217,-0.5084044646802867,6.9,-0.08027460283498654,2.1,55.2,18.4,13666.666666666666,12500,10000,2213.3333333333335,10000,0.26521366328972046,0.5208423256607232,9.593429927006179,9.983537602248608,0.008055676801527186,8.720262510254306,5.263157894736841,7.142857142857145,7.500000000000002,2.3684210526315757,4.285714285714286,2.5999999999999988,7.121212121212121,6.3396226415094334,7.121212121212121,3.658034204439881,5.09354041682897,3.598581622764512,5.245216744638739,NT_Cowpea
NT,Cowpea,0.33362090327498295,0.9864159535690883,0.6600184284220356,-0.5119000750254263,-0.5255361738124364,5.8,-0.08027460283498654,1.95,55.2,18.4,13666.666666666666,12500,10000,2213.3333333333335,10000,3.5630752758897364,5.984839964675582,5.197556934128528,10,0,9.081214109926169,5.263157894736841,5,7.500000000000002,2.3684210526315757,4.285714285714286,2.5999999999999988,7.121212121212121,6.3396226415094334,7.121212121212121,5.163793205900183,5.09304624878981,3.598581622764512,5.245216744638739,NT_Cowpea
NT,Cowpea,-0.6209895924866847,-0.8896097881140314,-0.755299690300358,-0.32114440450370374,-0.37788099604522557,12.6,-0.7759878274048753,1.9,53,15.6,13166.666666666666,13000,8500,1635,8500,0.003889824434283702,0.12170804172644296,9.923684839771553,9.589223979917554,0.40023907890036947,6.849876948318294,3.1578947368421053,4.285714285714285,5.208333333333332,0,3.428571428571428,3.199999999999999,5.757575757575758,4.1572327044025155,5.757575757575758,4.878834041978573,4.6419422376744865,2.5,4.191492594081196,NT_Cowpea
NT,Cowpea,-0.5805746110400435,-0.9150889914858878,-0.7478318012629657,-0.22048613545677348,-0.30411387201738044,7.8,-0.7759878274048753,2.1,53,15.6,13166.666666666666,13000,8500,1635,8500,0.15457370505824072,0.04207804127302789,9.898747549483964,9.35012725067109,0.6218868941693267,8.424938474159147,3.1578947368421053,7.142857142857145,5.208333333333332,0,3.428571428571428,3.199999999999999,5.757575757575758,4.1572327044025155,5.757575757575758,4.8613516844983264,5.138942404609469,2.5,4.187469529457048,NT_Cowpea
NT,Cowpea,-0.5694355593583011,-0.8538821108428567,-0.7116588351005789,-0.4323635411227719,-0.45938762161041824,6.3,-0.7759878274048753,2,53,15.6,13166.666666666666,13000,8500,1635,8500,0.19610472830247488,0.23336753577662173,9.777956285280931,9.853406267642336,0.15533641088188271,8.917145200984415,3.1578947368421053,5.714285714285715,5.208333333333332,0,3.428571428571428,3.199999999999999,5.757575757575758,4.1572327044025155,5.757575757575758,3.26093977315281,4.684205143018675,2.5,4.1456714739881235,NT_Cowpea
NT,Cowpea,-0.3980043949566616,-0.42720225984819654,-0.4126033274024291,-0.2557990364011055,-0.29570421832868665,10.533,0.00668955023624968,2.2,52,16.8,11666.666666666666,10500,8000,1935,8000,0.8352714973390447,1.5668674977768946,8.779329501965021,9.434007086832962,0.6471553507051122,7.528137817883511,5.526315789473683,8.571428571428577,4.166666666666666,0.26315789473684126,0.857142857142857,0.19999999999999923,5.303030303030304,5.289308176100629,5.303030303030304,4.209181398692502,5.213304369078757,2.5000000000000004,3.8891682552341864,NT_Cowpea
NT,Cowpea,-0.5626098564461463,-0.8369269530164786,-0.6997684047313124,-0.34028597697820256,-0.36406981524192517,10.533,0.00668955023624968,2.2,52,16.8,11666.666666666666,10500,8000,1935,8000,0.2215537911493223,0.2863573881553478,9.738250939864296,9.634691554659504,0.4417374847509292,7.528137817883511,5.526315789473683,8.571428571428577,4.166666666666666,0.26315789473684126,0.857142857142857,0.19999999999999923,5.303030303030304,5.289308176100629,5.303030303030304,4.996885865608049,5.213304369078757,2.5000000000000004,3.9480119094464334,NT_Cowpea
NT,Cowpea,-0.47869372391232407,-0.7190875735313211,-0.5988906487218226,-0.1307187610936149,-0.194491088523542,10.533,0.00668955023624968,2.15,52,16.8,11666.666666666666,10500,8000,1935,8000,0.5344280779740039,0.6546400893405036,9.401392977383415,9.136900003605405,0.9512700819419648,7.528137817883511,5.526315789473683,7.857142857142858,4.166666666666666,0.26315789473684126,0.857142857142857,0.19999999999999923,5.303030303030304,5.289308176100629,5.303030303030304,4.8398800397673085,5.385558357716877,2.5000000000000004,3.9573882172407635,NT_Cowpea
NT,Millet,-0.4976356809260364,-0.5293591509357828,-0.5134974159309096,-0.37757904059230946,-0.4408988123823093,17.7,0.35454616252119453,2.1,52.8,16.6,10833.333333333334,10333.333333333334,7666.666666666667,1940,7666.666666666667,0.4638045743307637,1.2475971828890535,9.116242003120105,9.723274933036059,0.21088967022798366,5.176374077112388,6.578947368421053,7.142857142857145,4.9999999999999964,0,0,0,5,5.3081761006289305,5,5.122053906889888,5.12789201700604,2.5,3.835922199011427,NT_Millet
NT,Millet,-0.5164406585928601,-0.7658278426550124,-0.6411342506239363,0.3349494934153062,0.03413492900364969,13.5,0.35454616252119453,2.15,52.8,16.6,10833.333333333334,10333.333333333334,7666.666666666667,1940,7666.666666666667,0.3936917867342884,0.5085630084682108,9.542455727265171,8.030783659452077,1.6382218638687767,6.554552912223134,6.578947368421053,7.857142857142858,4.9999999999999964,0,0,0,5,5.3081761006289305,5,4.986946310894092,5.474276834145344,2.5,4.054327985564125,NT_Millet
NT,Millet,-0.451651960272847,-0.58088548318525135,-0.5162687217290491,-1.0330128842880626,-0.8778682474876898,12.5,0.35454616252119453,2.3,52.8,16.6,10833.333333333334,10333.333333333334,7666.666666666667,1940,7666.666666666667,0.6352510336765078,1.0865622478282468,9.125496138635222,10,0,6.882690730106645,6.578947368421053,10,4.9999999999999964,0,0,0,5,5.3081761006289305,5,4.887706836521175,4.903976672370067,2.5,3.7499999999999996,NT_Millet
NT,Millet,-0.12031335469400661,0.2011169604854411,0.04040180289571724,-0.35183692588522686,-0.39857677250859264,10.3,1.311151846304792,1.9,52.4,17.4,13666.666666666666,13500,7333.333333333333,1873.3333333333333,7333.333333333333,1.8706193328075635,3.5305497632641227,7.266623517790829,9.662128884245163,0.33805455294991377,7.604593929450369,9.473684210526315,4.285714285714285,4.583333333333331,1.052631578947365,4.285714285714286,3.799999999999999,4.696969696969696,5.056603773584905,4.696969696969696,5.109699214805793,3.8703672002054272,3.598581622764512,4.96450843252256,NT_Millet
NT,Millet,0.632067152587078,1.4497683033581348,1.0409177279726065,-0.5152003461417193,-0.5191285786811469,4.4,1.311151846304792,2,52.4,17.4,13666.666666666666,13500,7333.333333333333,1873.3333333333333,7333.333333333333,4.675807173673371,7.43295226572765,3.925631714609078,10,0,9.540607054963084,9.473684210526315,5.714285714285715,4.583333333333331,1.052631578947365,4.285714285714286,3.799999999999999,4.696969696969696,5.056603773584905,4.696969696969696,5.146496482214255,3.8703672002054272,3.598581622764512,5.037514315219734,NT_Millet
NT,Millet,-0.49793639224517977,-0.6346577026620265,-0.5662970474536031,-0.4881381229881186,-0.49915838048690514,12.5,1.311151846304792,2.1,52.4,17.4,13666.666666666666,13500,7333.333333333333,1873.3333333333333,7333.333333333333,0.4626833973094183,0.9185082549767134,9.292554175377413,9.985889373355947,0.03583735310060953,6.882690730106645,9.473684210526315,7.142857142857145,4.583333333333331,1.052631578947365,4.285714285714286,3.799999999999999,4.696969696969696,5.056603773584905,4.696969696969696,4.894800021329785,4.805219408023148,3.598581622764512,4.7225604846276,NT_Millet
NT,Millet,-0.2686487135583784,-0.1280939663236886,-0.1983713399410335,-1.2798731637867655,-1.0541501752988582,10.533,1.1372235401623194,2.2,57.2,19,16666.666666666668,15166.666666666666,7666.666666666667,1714.9999999999998,7666.666666666667,1.3175633444745936,2.5016688414988635,8.063951269446779,10,0,7.528137817883511,8.94736842105263,8.571428571428577,9.583333333333336,3.1578947368421044,9.42857142857143,5.799999999999999,5,4.459119496855346,5,4.855872291088261,5.7952844190278725,7.5,7.118655672348458,NT_Millet
NT,Millet,-0.05335766293276536,0.3972928864590493,0.171967611763142,0.07752834634446736,-0.12155535626240435,10.533,1.1372235401623194,1.9,57.2,19,16666.666666666668,15166.666666666666,7666.666666666667,1714.9999999999998,7666.666666666667,2.120258033687972,4.14365720018982,6.827289892020442,8.642244147361065,1.170419817325718,7.528137817883511,8.94736842105263,4.285714285714285,9.583333333333336,3.1578947368421044,9.42857142857143,5.799999999999999,5,4.459119496855346,5,4.943815480234361,5.503698021098387,7.5,7.154279380965552,NT_Millet
NT,Millet,-0.5113929288640613,-0.7435703257885334,-0.6274816273262973,0.3177880836105845,0.04351369996383877,10.533,1.1372235401623194,1.95,57.2,19,16666.666666666668,15166.666666666666,7666.666666666667,1714.9999999999998,7666.666666666667,0.41251182516188334,0.5781242915390664,9.496865945647418,8.07154769197934,1.6664022236242848,7.528137817883511,8.94736842105263,5,9.583333333333336,3.1578947368421044,9.42857142857143,5.799999999999999,5,4.459119496855346,5,4.982569656693379,5.7952844190278725,7.5,7.147066219687238,NT_Millet
NT,Sunn hemp,0.8022175091623138,1.4164140384051045,1.1093157737837092,-0.3344969818136594,-0.25757402838660903,8,-1.1238444396898202,2,54.4,18.4,16333.333333333334,15000,6666.666666666667,1725,6666.666666666667,5.31019855777327,7.328710382864591,3.6972322412164065,9.620940773699617,0.7617249968426201,8.359310910582444,2.1052631578947354,5.714285714285715,6.666666666666664,2.3684210526315757,8.857142857142858,5.599999999999998,4.090909090909091,4.496855345911949,4.090909090909091,5.3349546891791215,5.466608472761367,7.500000000000001,6.976487529580299,NT_Sunn hemp
NT,Sunn hemp,0.0381770530551612,0.47124453174715175,0.25471079240115646,-0.28798507632408143,-0.20715498083446376,6.2,-1.1238444396898202,1.9,54.4,18.4,16333.333333333334,15000,6666.666666666667,1725,6666.666666666667,2.4615375721948194,4.374777830685157,6.550988154734702,9.51045959238312,0.9132189297449832,8.949958982772765,2.1052631578947354,4.285714285714285,6.666666666666664,2.3684210526315757,8.857142857142858,5.599999999999998,4.090909090909091,4.496855345911949,4.090909090909091,5.0235153436671185,5.592995241684921,7.500000000000001,6.941005236537003,NT_Sunn hemp
NT,Sunn hemp,0.05059525068942057,0.4519371297351165,0.25126619021226854,-0.22000613753161966,-0.133465603642867,6.4,-1.1238444396898202,1.85,54.4,18.4,16333.333333333334,15000,6666.666666666667,1725,6666.666666666667,2.5078377842178283,4.31443652375596,6.5624906080089085,9.348987096612849,1.1346331393715134,8.884331419196062,2.1052631578947354,3.5714285714285725,6.666666666666664,2.3684210526315757,8.857142857142858,5.599999999999998,4.090909090909091,4.496855345911949,4.090909090909091,5.026438901589955,5.319601953334009,7.500000000000001,6.9413343837904264,NT_Sunn hemp
NT,Sunn hemp,-0.5049660704284705,-0.6863182718492191,-0.5956421711388449,3.642108308505163,2.703563003418388,15.9,0.6154386217349023,1.78,52.4,18.8,14166.666666666666,12666.666666666666,6833.333333333333,1635,6833.333333333333,0.43647382971146387,0.7570537900249668,9.390545436924011,0.17518606897564304,9.659042907241776,5.767022149302708,7.368421052631576,2.5714285714285716,4.583333333333331,2.8947368421052633,5.142857142857142,2.7999999999999985,4.242424242424242,4.1572327044025155,4.242424242424242,4.838999434625007,3.2339335382813554,4.721327680737007,4.5478063325462115,NT_Sunn hemp
NT,Sunn hemp,0.5074994219157114,1.0266317912234755,0.7670656065695934,4.228873885450612,3.157461890157237,5.2,0.6154386217349023,1.74,52.4,18.8,14166.666666666666,12666.666666666666,6833.333333333333,1635,6833.333333333333,4.211366800668043,6.110526279271689,4.840097611612254,0,10,9.278096800656275,7.368421052631576,1.9999999999999993,4.583333333333331,2.8947368421052633,5.142857142857142,2.7999999999999985,4.242424242424242,4.1572327044025155,4.242424242424242,5.186652333434224,3.2339335382813554,4.721327680737007,5.062951876766652,NT_Sunn hemp
NT,Sunn hemp,0.548876559260698,1.1678459519337077,0.8583612555972029,4.238631627861025,3.165010097808105,9.1,0.6154386217349023,1.9,52.4,18.8,14166.666666666666,12666.666666666666,6833.333333333333,1635,6833.333333333333,4.3656379991463785,6.551862043081523,4.535236881840302,0,10,7.998359310910583,7.368421052631576,4.285714285714285,4.583333333333331,2.8947368421052633,5.142857142857142,2.7999999999999985,4.242424242424242,4.1572327044025155,4.242424242424242,5.051907470607254,3.9521946905408676,4.721327680737007,4.920806256060368,NT_Sunn hemp
NT,Sunn hemp,-0.08344372828425115,0.34743212482918784,0.13199419827246833,-0.2604194159639144,-0.16143696737445212,10.533,0.6154386217349023,2.2,54.4,17.6,11333.333333333334,10333.333333333334,5166.666666666667,1405,5166.666666666667,2.008084653481098,3.987827662929677,6.960771872137122,9.444982018667224,1.050587682226418,7.528137817883511,7.368421052631576,8.571428571428577,6.666666666666664,1.315789473684211,0.28571428571428775,0,2.7272727272727275,3.289308176100629,2.7272727272727275,4.9023226779550475,4.86048585493218,2.5,3.719229341138636,NT_Sunn hemp
NT,Sunn hemp,0.03877944990055997,0.5751377259946073,0.30695858794758363,-0.2739505275407158,-0.17658677290111885,10.533,0.6154386217349023,1.97,54.4,17.6,11333.333333333334,10333.333333333334,5166.666666666667,1405,5166.666666666667,2.463783558487308,4.699474603354657,6.376518711240822,9.47712289046757,1.0050671154293753,7.528137817883511,7.368421052631576,5.285714285714286,6.666666666666664,1.315789473684211,0.28571428571428775,0,2.7272727272727275,3.289308176100629,2.7272727272727275,4.97944518368712,4.860383760665789,2.5,3.743593920927818,NT_Sunn hemp
NT,Sunn hemp,0.29572605160640136,0.9675597941861717,0.6316429228962865,-0.2670199581965004,-0.1688271164118507,10.533,0.6154386217349023,2,54.4,17.6,11333.333333333334,10333.333333333334,5166.666666666667,1405,5166.666666666667,3.421787488522321,5.925908923610544,5.292310379822438,9.460660492716173,1.0283825276912748,7.528137817883511,7.368421052631576,5.714285714285715,6.666666666666664,1.315789473684211,0.28571428571428775,0,2.7272727272727275,3.289308176100629,2.7272727272727275,4.911032727877241,4.890708874584622,2.5,3.7220073491628907,NT_Sunn hemp
NT,Pigeon pea,2.4847660050762346,2.5121669277305148,2.4984664664033747,-0.3218119166801391,-0.35497073671323326,3.1,-0.7759878274048753,1.8,55.8,19.8,17000,18666.666666666668,9166.666666666666,1950,9166.666666666666,10,10,0,9.590809542431483,0.4690774536520342,9.96718621821165,3.1578947368421053,2.8571428571428577,8.124999999999996,4.210526315789474,10,10,6.363636363636363,5.345911949685535,6.363636363636363,4.881840184231402,4.778172915347061,7.5,7.030925569466045,NT_Pigeon pea
NT,Pigeon pea,2.4847660050762346,2.5121669277305148,2.4984664664033747,-0.28050414047610567,-0.322175760840647,4,-0.7759878274048753,1.65,55.8,19.8,17000,18666.666666666668,9166.666666666666,1950,9166.666666666666,10,10,0,9.49268989189165,0.567616401045633,9.671862182116488,3.1578947368421053,0.714285714285712,8.124999999999996,4.210526315789474,10,10,6.363636363636363,5.345911949685535,6.363636363636363,4.787516685734819,5.263479293824203,7.5,7.046906546680037,NT_Pigeon pea
NT,Pigeon pea,-0.03861269348089692,0.3489433229704121,0.1551653147447576,-0.3231129490015247,-0.356003649339142,8.9,-0.7759878274048753,1.7,55.8,19.8,17000,18666.666666666668,9166.666666666666,1950,9166.666666666666,2.1752334199719585,3.992550601355758,6.883397281424297,9.593899925125648,0.465973864757746,8.063986874487284,3.1578947368421053,1.428571428571427,8.124999999999996,4.210526315789474,10,10,6.363636363636363,5.345911949685535,6.363636363636363,4.947380578574692,5.090271856783635,7.5,7.067228227973242,NT_Pigeon pea
NT,Pigeon pea,-0.6033487631842702,-0.8937659702243341,-0.7485573667043022,-0.28583150355937176,-0.32853831458598104,12.2,0.2675820094499583,1.95,57.6,19.2,12000,12166.666666666666,9000,2640,9000,0.06966218214827058,0.10871875087233998,9.90117040766285,9.505344143755682,0.5484988584306832,6.981132075471699,6.315789473684211,5,10,3.421052631578946,1.4285714285714293,2.1999999999999984,6.212121212121212,7.949685534591194,6.212121212121212,4.870459922855966,5.046165839794787,2.5,4.448899111288485,NT_Pigeon pea
NT,Pigeon pea,-0.634874574490538,-0.9270773826164757,-0.7809759785535069,-0.31520391649437685,-0.3517081113975499,7.4,0.2675820094499583,2.25,57.6,19.2,12000,12166.666666666666,9000,2640,9000,0,0.004610794859080586,10,9.5751133532735,0.4788806523369854,8.55619360131255,6.315789473684211,9.285714285714288,10,3.421052631578946,1.4285714285714293,2.1999999999999984,6.212121212121212,7.949685534591194,6.212121212121212,4.861417812703032,5.046165839794787,2.5,4.448899111288485,NT_Pigeon pea
NT,Pigeon pea,-0.6375589093027305,-0.9329786449171913,-0.7852687771099609,-0.1960641291962068,-0.25772725017309533,9.8,0.2675820094499583,2,57.6,19.2,12000,12166.666666666666,9000,2640,9000,0,0,10,9.292116896689981,0.7612646118855833,7.768662838392125,6.315789473684211,5.714285714285715,10,3.421052631578946,1.4285714285714293,2.1999999999999984,6.212121212121212,7.949685534591194,6.212121212121212,4.968321863344844,5.039015544830462,2.5,4.451567841308257,NT_Pigeon pea
NT,Pigeon pea,-0.41425620780813993,0.9877541925790143,0.28674899238543716,-0.1595081345871315,-0.2011313124920273,10.533,-0.3411670620486952,1.95,55.6,20.4,15833.333333333334,12833.333333333334,4166.666666666667,1128.3333333333333,4166.666666666667,0.774677971374713,5.989022354972953,6.44400398701348,9.205284301334043,0.9313182245948386,7.528137817883511,4.473684210526313,5,7.916666666666668,4.999999999999998,8.000000000000002,3,1.8181818181818186,2.245283018867924,1.8181818181818186,4.794504960718772,4.898017126109857,7.5,5.279865191028741,NT_Pigeon pea
NT,Pigeon pea,-0.22934266379266396,0.09938859500674344,-0.06497703439296026,-0.2271618152992469,-0.2579415069169798,10.533,-0.3411670620486952,1.85,55.6,20.4,15833.333333333334,12833.333333333334,4166.666666666667,1128.3333333333333,4166.666666666667,1.4641126660056676,3.2126187168742826,7.618511801411341,9.365984201430772,0.7606208354090771,7.528137817883511,4.473684210526313,3.5714285714285725,7.916666666666668,4.999999999999998,8.000000000000002,3,1.8181818181818186,2.245283018867924,1.8181818181818186,4.810198103074293,4.8967832751588665,7.5,5.280041535980021,NT_Pigeon pea
NT,Pigeon pea,4.396556610752576,3.1530982246592427,3.774827417705909,-0.22488500873682,-0.2560296253738326,10.533,-0.3411670620486952,1.77,55.6,20.4,15833.333333333334,12833.333333333334,4166.666666666667,1128.3333333333333,4166.666666666667,10,10,0,9.360576031715977,0.7663654590835972,7.528137817883511,4.473684210526313,2.4285714285714284,7.916666666666668,4.999999999999998,8.000000000000002,3,1.8181818181818186,2.245283018867924,1.8181818181818186,4.15919975472605,4.890710070915361,7.5,5.280910241713033,NT_Pigeon pea
MT,Cowpea,2.298569612760787,2.4419264174745683,2.370248015117678,-0.3842614681067057,-0.26745125537185593,5.4,0.2675820094499583,2.1,52.2,24.2,12500,13333.333333333334,10500,2833.3333333333335,10500,10,10,0,9.739147911751537,0.7320469280410064,9.212469237079574,6.315789473684211,7.142857142857145,4.375000000000002,10,2.2857142857142865,3.5999999999999996,7.575757575757577,8.679245283018869,7.575757575757577,5.237893123085511,5.6778675413252,2.5,4.964325342079392,MT_Cowpea
MT,Cowpea,1.093499683862084,1.833783008880858,1.463641346371471,-0.35531349895584824,-0.23209386163884366,4.2,0.2675820094499583,2.15,52.2,24.2,12500,13333.333333333334,10500,2833.3333333333335,10500,6.396219802105537,8.633111106198667,2.514043844107766,9.670386896806301,0.8382851632685079,9.606234618539787,6.315789473684211,7.857142857142858,4.375000000000002,10,2.2857142857142865,3.5999999999999996,7.575757575757577,8.679245283018869,7.575757575757577,5.50568093186444,5.788614105466038,2.5,4.964125989926295,MT_Cowpea
MT,Cowpea,-0.4343759436758426,-0.37772458978676293,-0.40605026673130273,-0.37580475801769075,-0.25712212911277355,38.5,0.2675820094499583,2.1,52.2,24.2,12500,13333.333333333334,10500,2833.3333333333335,10500,0.6996632177077553,1.7214997612713563,8.757447069672597,9.719060424239444,0.7630828169838724,0,6.315789473684211,7.142857142857145,4.375000000000002,10,2.2857142857142865,3.5999999999999996,7.575757575757577,8.679245283018869,7.575757575757577,5.319186320744252,5.6778675413252,2.5,4.964264541909754,MT_Cowpea
MT,Cowpea,-0.5172791645262581,-0.7446246020455818,-0.63095188328592,0.23860775575723633,0.5557552778465658,8.4,1.311151846304792,2.3,48,22,13333.333333333334,13666.666666666666,11000,2916.6666666666665,11000,0.3905654874401161,0.5748293683186837,9.508454063762729,8.259627196918686,3.205532671285123,8.22805578342904,9.473684210526315,10,0,7.105263157894736,3.714285714285716,3.9999999999999982,8.030303030303031,8.993710691823898,8.030303030303031,5.004548958163446,5.610477147986907,2.819996771785406,5.594069694938677,MT_Cowpea
MT,Cowpea,-0.607356615200827,-0.9177721813526262,-0.7625643982767265,-0.23984688043276933,-0.0602893721468343,9.1,1.311151846304792,2.2,48,22,13333.333333333334,13666.666666666666,11000,2916.6666666666665,11000,0.05471924086253333,0.03369228418373929,9.947943653842595,9.39611543269891,1.3545055019512002,7.998359310910583,9.473684210526315,8.571428571428577,0,7.105263157894736,3.714285714285716,3.9999999999999982,8.030303030303031,8.993710691823898,8.030303030303031,5.1738591641315725,5.610477147986907,2.819996771785406,5.617354581688676,MT_Cowpea
MT,Cowpea,1.5741120410289884,2.1394776893843885,1.8567948652066883,-0.29514075409170865,-0.13148419913451426,38.5,1.311151846304792,2.1,48,22,13333.333333333334,13666.666666666666,11000,2916.6666666666665,11000,8.188142808413264,9.588496845377255,1.2011984901274388,9.52745669720104,1.1405866584523803,0,9.473684210526315,7.142857142857145,0,7.105263157894736,3.714285714285716,3.9999999999999982,8.030303030303031,8.993710691823898,8.030303030303031,5.5004191751223726,5.610477147986907,2.819996771785406,5.640022615598838,MT_Cowpea
MT,Cowpea,0.04860907531441404,0.3055584609939081,0.17708376815416108,-0.04371625798370406,0.14176422844429046,10.533,0.1806178563787221,2.1,52.02,22,14166.666666666666,14333.333333333334,8500,2083.3333333333335,8500,2.5004324953275967,3.8569601541804617,6.810205669633,8.930240241553104,1.9616152371951046,7.528137817883511,6.052631578947368,7.142857142857145,4.187500000000003,7.105263157894736,5.142857142857142,4.8,5.757575757575758,5.849056603773585,5.757575757575758,4.997844020087144,5.432805516120212,4.721327680737007,5.6066927480374344,MT_Cowpea
MT,Cowpea,-0.44038702847730327,-0.6610383587002915,-0.5507126935887974,-0.1227539715079541,0.04603110535650812,10.533,0.1806178563787221,2.08,52.02,22,14166.666666666666,14333.333333333334,8500,2083.3333333333335,8500,0.6772513904045645,0.8360609499479863,9.240513825778581,9.117980990223803,1.6739662626563723,7.528137817883511,6.052631578947368,6.857142857142859,4.187500000000003,7.105263157894736,5.142857142857142,4.8,5.757575757575758,5.849056603773585,5.757575757575758,4.967879609438771,5.432805516120212,4.721327680737007,5.6066927480374344,MT_Cowpea
MT,Cowpea,0.12866664349774434,0.5779133328300096,0.35328998816387697,-0.09283022811605754,0.08227574455023702,10.533,0.1806178563787221,2,52.02,22,14166.666666666666,14333.333333333334,8500,2083.3333333333335,8500,2.798920447452682,4.708149190638093,6.221805703208817,9.046902188257944,1.7828704011648653,7.528137817883511,6.052631578947368,5.714285714285715,4.187500000000003,7.105263157894736,5.142857142857142,4.8,5.757575757575758,5.849056603773585,5.757575757575758,4.971945289889205,5.357951614362349,4.721327680737007,5.5186836537398944,MT_Cowpea
MT,Millet,0.7696804002898036,1.4994540406730408,1.1345672204814221,-0.3410021434205938,-0.12199928031006846,5.4,-1.471701051974765,2.1,51.6,22.8,12000,11333.333333333334,8833.333333333334,2300,8833.333333333334,5.188886666645297,7.58823480055307,3.6129108682916753,9.636392687170456,1.169085960318185,9.212469237079574,1.0526315789473661,7.142857142857145,3.750000000000001,8.157894736842106,1.4285714285714293,1.2,6.060606060606062,6.666666666666666,6.060606060606062,5.486707099282664,4.6506289131933425,2.5,4.310649315900457,MT_Millet
MT,Millet,-0.04651951744196763,0.46402671486491176,0.20875359871147206,-0.37255217721422457,-0.1685631139107074,6.4,-1.471701051974765,2.1,51.6,22.8,12000,11333.333333333334,8833.333333333334,2300,8833.333333333334,2.1457534876493956,4.352220031164617,6.704451586516332,9.711334467504027,1.0291757750677328,8.884331419196062,1.0526315789473661,7.142857142857145,3.750000000000001,8.157894736842106,1.4285714285714293,1.2,6.060606060606062,6.666666666666666,6.060606060606062,5.101986899584669,4.6506289131933425,2.5,4.361623588239607,MT_Millet
MT,Millet,1.980571400652084,2.3499668869907824,2.1652691438214333,-0.2518814294055968,0.00953154862369361,32.7,-1.471701051974765,2,51.6,22.8,12000,11333.333333333334,8833.333333333334,2300,8833.333333333334,9.703592560748277,10,0.17111989716044995,9.424701472619962,1.564296174324612,0.25430680885972023,1.0526315789473661,5.714285714285715,3.750000000000001,8.157894736842106,1.4285714285714293,1.2,6.060606060606062,6.666666666666666,6.060606060606062,5.585470473765108,4.760599635391366,2.5,4.333695386399365,MT_Millet
MT,Millet,1.785017389347274,2.2448727884466106,2.0149450888969422,-0.3845867261870521,-0.29067523636783743,5.1,1.3981159993760282,2.2,51.8,25.6,13666.666666666666,13000,10666.666666666666,2733.3333333333335,10666.666666666666,8.974485773110773,9.917887512095772,0.6730923523067016,9.739920507425078,0.6622659149210695,9.310910582444627,9.736842105263158,8.571428571428577,3.95833333333333,10,4.285714285714286,3.199999999999999,7.727272727272727,8.30188679245283,7.727272727272727,4.999846214837433,5.302898364983225,3.598581622764512,5.835561995259548,MT_Millet
MT,Millet,0.5509820357352975,1.2710385326254265,0.911010284180362,-0.2398468804327672,-0.12420084087490438,19.4,1.3981159993760282,2.25,51.8,25.6,13666.666666666666,13000,10666.666666666666,2733.3333333333335,10666.666666666666,4.373488092215801,6.8743691924356165,4.3594276133088705,9.396115432698904,1.1624709391172234,4.61853978671042,9.736842105263158,9.285714285714288,3.95833333333333,10,4.285714285714286,3.199999999999999,7.727272727272727,8.30188679245283,7.727272727272727,5.061566937107149,5.302898364983225,3.598581622764512,5.846225174145701,MT_Millet
MT,Millet,0.12647148710603984,0.4477964365022433,0.2871339618041416,-0.17609629668481508,-0.05087728690498428,35.8,1.3981159993760282,2.1,51.8,25.6,13666.666666666666,13000,10666.666666666666,2733.3333333333335,10666.666666666666,2.790735990307372,4.301495640196966,6.4427184705712826,9.244686680684687,1.3827859610103577,0,9.736842105263158,7.142857142857145,3.95833333333333,10,4.285714285714286,3.199999999999999,7.727272727272727,8.30188679245283,7.727272727272727,4.99666576165231,5.302898364983225,3.598581622764512,5.8361111928516,MT_Millet
MT,Millet,-0.4922098356914584,-0.7358320826246555,-0.614020959158057,4.133898525989394,4.9309447285938335,10.533,1.6590084585897358,2.3,54.8,22,15833.333333333334,16000,9833.333333333334,2566.6666666666665,9833.333333333334,0.48403438482048655,0.602308576175252,9.451917153840846,0,10,7.528137817883511,10,10,7.0833333333333295,7.105263157894736,8.000000000000002,6.799999999999998,6.9696969696969715,7.6729559748427665,6.9696969696969715,4.9005469498068335,7.441183193522368,7.5,6.212911155314703,MT_Millet
MT,Millet,-0.49965924455885585,-0.5531825933104043,-0.52642091893463006,3.93711738737963,4.703612908915779,10.533,1.6590084585897358,2.4,54.8,22,15833.333333333334,16000,9833.333333333334,2566.6666666666665,9833.333333333334,0.45625988644601667,1.173141922282733,9.15939705594998,0,10,7.528137817883511,10,10,7.0833333333333295,7.105263157894736,8.000000000000002,6.799999999999998,6.9696969696969715,7.6729559748427665,6.9696969696969715,4.450801471357866,7.441183193522368,7.5,6.045867931703101,MT_Millet
MT,Millet,-0.3730865240156095,-0.2785916438693685,-0.325839083942489,4.786040977084525,5.684333651659117,10.533,1.6590084585897358,2.3,54.8,22,15833.333333333334,16000,9833.333333333334,2566.6666666666665,9833.333333333334,0.9281756966207375,2.031319358577522,8.489600354288887,0,10,7.528137817883511,10,10,7.0833333333333295,7.105263157894736,8.000000000000002,6.799999999999998,6.9696969696969715,7.6729559748427665,6.9696969696969715,5.6595329773511995,7.441183193522368,7.5,6.4779325299576644,MT_Millet
MT,Sunn hemp,-0.2873351320067767,-0.10719792178328039,-0.19726652689502855,0.05386116612030731,-0.11464474377655816,3.5,-0.16723875590622275,1.9,51.2,23.4,12666.666666666666,14000,9000,2666.6666666666665,9000,1.2478925950153785,2.5669751233296854,8.060262001501878,8.698461539490518,1.1911841100895244,9.835931091058244,4.999999999999999,4.285714285714285,3.3333333333333357,8.94736842105263,2.571428571428571,4.399999999999999,6.212121212121212,8.050314465408805,6.212121212121212,4.702915517897543,5.05065999352546,2.5,4.44806938826004,MT_Sunn hemp
MT,Sunn hemp,-0.3066520339604362,-0.18897299906112439,-0.2478125165107803,-0.1273075846328085,-0.24464772278449776,4.2,-0.16723875590622275,1.95,51.2,23.4,12666.666666666666,14000,9000,2666.6666666666665,9000,1.1758711404997333,2.3114039680750658,8.229048657223482,9.128797329653391,0.8005646213225626,9.606234618539787,4.999999999999999,5,3.3333333333333357,8.94736842105263,2.571428571428571,4.399999999999999,6.212121212121212,8.050314465408805,6.212121212121212,5.183337403688971,5.050498094565964,2.5,4.448099293904192,MT_Sunn hemp
MT,Sunn hemp,-0.4563099771211128,-0.6419374750539855,-0.5491237260875491,-0.46817805283615577,-0.48924937808130203,45.3,-0.16723875590622275,1.9,51.2,23.4,12666.666666666666,14000,9000,2666.6666666666665,9000,0.6178840071535548,0.8957568262757377,9.235207835874638,9.938477595525361,0.06561089739478213,0,4.999999999999999,4.285714285714285,3.3333333333333357,8.94736842105263,2.571428571428571,4.399999999999999,6.212121212121212,8.050314465408805,6.212121212121212,5.129589750325977,5.05065999352546,2.5,4.44806938826004,MT_Sunn hemp
MT,Sunn hemp,0.7914403471141098,1.501081405394988,1.1462608762545488,-0.33059388484949953,-0.25143779905288804,6.4,1.0502593870910832,2.3,55.8,23,14666.666666666666,15833.333333333334,12166.666666666666,3183.3333333333335,12166.666666666666,5.270016809782599,7.593320793692464,3.573862606182062,9.611669625617115,0.7801625033027493,8.884331419196062,8.68421052631579,10,8.124999999999996,8.421052631578949,6,6.6,9.09090909090909,10,9.09090909090909,5.395242673311784,7.500000000000001,6.10651974288338,7.099847096162698,MT_Sunn hemp
MT,Sunn hemp,0.44606289037369584,0.8695477266987731,0.6578053085362345,-0.39109188779398635,-0.31732570636322543,2,1.0502593870910832,2.1,55.8,23,14666.666666666666,15833.333333333334,12166.666666666666,3183.3333333333335,12166.666666666666,3.9823058273987755,5.619592400893727,5.2049471367355995,9.755372420895917,0.5821893424883566,10,8.68421052631579,7.142857142857145,8.124999999999996,8.421052631578949,6,6.6,9.09090909090909,10,9.09090909090909,4.968165511722793,7.342683814833528,6.10651974288338,7.032796446760422,MT_Sunn hemp
MT,Sunn hemp,-0.43374327056988843,-0.47185566088619296,-0.4527994657280407,-0.4180883084627633,-0.3467272994103121,43.2,1.0502593870910832,2.25,55.8,23,14666.666666666666,15833.333333333334,12166.666666666666,3183.3333333333335,12166.666666666666,0.7020220865073724,1.4273124931322148,8.91355522021644,9.819497861799901,0.4938464804045128,0,8.68421052631579,9.285714285714288,8.124999999999996,8.421052631578949,6,6.6,9.09090909090909,10,9.09090909090909,4.981686583410037,7.5,6.10651974288338,7.034663372976652,MT_Sunn hemp
MT,Sunn hemp,-0.46570320941008647,-0.6094645272267052,-0.5375838683183958,-0.03525954789469039,0.01226777389713292,2.6,0.6154386217349023,2.1,52.827999999999996,21,15500,13166.666666666666,4166.666666666667,1116.6666666666667,4166.666666666667,0.5828621256076353,0.9972443340471254,9.196673146670504,8.910152754041016,1.5725177006743798,10,7.368421052631576,7.142857142857145,5.0291666666666615,5.7894736842105265,7.428571428571429,3.399999999999998,1.8181818181818186,2.20125786163522,1.8181818181818186,4.982635561535816,4.958717817256346,7.500000000000001,5.267886164634073,MT_Sunn hemp
MT,Sunn hemp,6.298769999112172,-0.7481250883446939,2.775322455383739,-0.0629064847241611,-0.01545037020676716,18,0.6154386217349023,2.05,52.827999999999996,21,15500,13166.666666666666,4166.666666666667,1116.6666666666667,4166.666666666667,10,0.5638893196241721,0,8.975823386292085,1.489233091644204,5.0779327317473335,7.368421052631576,6.428571428571427,5.0291666666666615,5.7894736842105265,7.428571428571429,3.399999999999998,1.8181818181818186,2.20125786163522,1.8181818181818186,4.984761364303683,4.958717817256346,7.500000000000001,5.267588111681211,MT_Sunn hemp
MT,Sunn hemp,-0.3338125697712731,-0.1327963895113456,-0.23330447964130935,-0.08372300186634979,-0.03632050223793784,9,0.6154386217349023,2.05,52.827999999999996,21,15500,13166.666666666666,4166.666666666667,1116.6666666666667,4166.666666666667,1.074605352682751,2.4869723867039357,8.180602419591196,9.025269509398768,1.4265246801391338,8.031173092698934,7.368421052631576,6.428571428571427,5.0291666666666615,5.7894736842105265,7.428571428571429,3.399999999999998,1.8181818181818186,2.20125786163522,1.8181818181818186,4.986660052813801,4.958717817256346,7.500000000000001,5.2673220202428475,MT_Sunn hemp
MT,Pigeon pea,-0.1566338711497399,0.17760329565941363,0.010484712254836867,-0.3845867261870521,-0.29556667356264327,14.7,0.8763310809486109,2.4,56.2,21.2,14500,14333.333333333334,11166.666666666666,3000,11166.666666666666,1.7352013227054948,3.4570626485599707,7.366524730856024,9.739920507425078,0.6475686309745678,6.160787530762921,8.157894736842104,10,8.541666666666668,6.052631578947367,5.714285714285715,4.8,8.181818181818182,9.30817610062893,8.181818181818182,4.946914731707018,7.300684630312432,5.74006527164523,7.15815639427058,MT_Pigeon pea
MT,Pigeon pea,0.21084428909790823,0.8460190892912302,0.5284316891945692,-0.3832856938656601,-0.29409013820637725,4.1,0.8763310809486109,2.3,56.2,21.2,14500,14333.333333333334,11166.666666666666,3000,11166.666666666666,3.105312931040028,5.54605849247097,5.636960452001164,9.736830124730897,0.6520051715093487,9.639048400328138,8.157894736842104,10,8.541666666666668,6.052631578947367,5.714285714285715,4.8,8.181818181818182,9.30817610062893,8.181818181818182,4.9635957251738585,7.300684630312432,5.74006527164523,7.159831106828446,MT_Pigeon pea
MT,Pigeon pea,-0.43556890376130397,-0.5923183399120272,-0.5139436218366655,-0.3527114343130749,-0.2593915573341197,2.8,0.8763310809486109,2.36,56.2,21.2,14500,14333.333333333334,11166.666666666666,3000,11166.666666666666,0.6952153657312763,1.05083120973219,9.117732004664605,9.664206131417966,0.7562638740767147,10,8.157894736842104,10,8.541666666666668,6.052631578947367,5.714285714285715,4.8,8.181818181818182,9.30817610062893,8.181818181818182,5.322955661865736,7.300684630312432,5.74006527164523,7.201937203642875,MT_Pigeon pea
MT,Pigeon pea,-0.5281479522025807,-0.7952499979245562,-0.6616989750635685,-0.25513401020906507,-0.12804777828293543,10.533,0.9632952340198471,2.3,57.6,21.4,15500,16166.666666666666,13833.333333333334,3500,13833.333333333334,0.35004212095265635,0.41661012425668553,9.611126873886073,9.432427429355384,1.150912059966063,7.528137817883511,8.421052631578945,10,10,6.315789473684209,7.428571428571429,6.999999999999998,10,10,10,4.961961435351018,7.499999999999999,7.500000000000001,6.235814347437534,MT_Pigeon pea
MT,Pigeon pea,-0.4470161393377234,-0.5812479229171064,-0.5141320311274149,-0.32604027172464445,-0.21176667085975223,10.533,0.9632952340198471,2.3,57.6,21.4,15500,16166.666666666666,13833.333333333334,3500,13833.333333333334,0.6525353045923431,1.0854295171227089,9.11836115396674,9.600853286187524,0.8993622011240194,7.528137817883511,8.421052631578945,10,10,6.315789473684209,7.428571428571429,6.999999999999998,10,10,10,4.8872740117835045,7.499999999999999,7.500000000000001,6.207961302736943,MT_Pigeon pea
MT,Pigeon pea,-0.4328528008165888,-0.3939941066389198,-0.4134234537277543,-0.23464275114722266,-0.10385378639146985,10.533,0.9632952340198471,2.1,57.6,21.4,15500,16166.666666666666,13833.333333333334,3500,13833.333333333334,0.705342128561149,1.6706527384894305,8.78206812437153,9.38375390192224,1.2236076613745441,7.528137817883511,8.421052631578945,7.142857142857145,10,6.315789473684209,7.428571428571429,6.999999999999998,10,10,10,4.867650617798512,7.318303223261523,7.500000000000001,6.200643186195578,MT_Pigeon pea
MT,Pigeon pea,0.7870915823792952,1.444028125382688,1.1155598538809917,-0.3621439186431291,-0.3084797366951914,10.533,0.2675820094499583,2.25,53.6,19.4,14833.333333333334,15666.666666666666,13166.666666666666,3016.6666666666665,13166.666666666666,5.253802803918768,7.415012522160456,3.676381578172908,9.686611405950682,0.6087687960958348,7.528137817883511,6.315789473684211,9.285714285714288,5.833333333333334,3.6842105263157867,6.2857142857142865,6.399999999999998,10,9.371069182389936,10,4.980541745056915,6.57036984378054,6.45161290322581,5.90254384098549,MT_Pigeon pea
MT,Pigeon pea,1.6096216469777247,2.163877834295309,1.886749740636517,-0.3536872085541142,-0.29982909345320946,10.533,0.2675820094499583,2.35,53.6,19.4,14833.333333333334,15666.666666666666,13166.666666666666,3016.6666666666665,13166.666666666666,8.320537406462197,9.664754470938114,1.101171103488193,9.66652391843859,0.6347613530854865,7.528137817883511,6.315789473684211,10,5.833333333333334,3.6842105263157867,6.2857142857142865,6.399999999999998,10,9.371069182389936,10,4.988242502086609,6.57036984378054,6.45161290322581,5.906183376921563,MT_Pigeon pea
MT,Pigeon pea,0.5306538294573683,1.147248326431778,0.8389510779445732,-0.3410021434205938,-0.28685312859023787,10.533,0.2675820094499583,2.3,53.6,19.4,14833.333333333334,15666.666666666666,13166.666666666666,3016.6666666666665,13166.666666666666,4.29769607404732,6.48748840846979,4.600052686177203,9.636392687170456,0.6737501885699599,7.528137817883511,6.315789473684211,10,5.833333333333334,3.6842105263157867,6.2857142857142865,6.399999999999998,10,9.371069182389936,10,4.999730658126984,6.57036984378054,6.45161290322581,5.911599706620585,MT_Pigeon pea
CT,Cowpea,-0.5087517924106151,-0.7506151835394754,-0.6296834879750453,-0.12114797485635911,0.04456679620166716,5,0.354546162521195,1.88,50.2,18.8,14500,14833.333333333334,6333.333333333333,1466.6666666666667,6333.333333333333,0.42235908169441716,0.5561070401472353,9.50421855063334,9.114166216234413,1.6695664581455398,9.343724364232978,6.578947368421054,3.9999999999999987,2.291666666666669,2.8947368421052633,5.714285714285715,5.3999999999999995,3.787878787878787,3.5220125786163523,3.787878787878787,4.995794494145605,5.230849608747315,5.74006527164523,5.798846013918782,CT_Cowpea
CT,Cowpea,-0.6469518616592149,-0.9465928518819833,-0.7967723567705991,-0.02378997692572183,0.04456679620166716,5.3,0.35454616252119453,1.7,50.2,18.8,14500,14833.333333333334,6333.333333333333,1466.6666666666667,6333.333333333333,0,0,10,8.882908724012424,1.6695664581455398,9.245283018867925,6.578947368421053,1.428571428571427,2.291666666666669,2.8947368421052633,5.714285714285715,5.3999999999999995,3.787878787878787,3.5220125786163523,3.787878787878787,4.974696083420576,5.230849608747315,5.74006527164523,5.798846013918782,CT_Cowpea
CT,Cowpea,-0.629664218102317,-1.0085651234574193,-0.8191146707798682,-0.26569984974998445,-0.20535292802919047,10.8,0.35454616252119453,1.88,50.2,18.8,14500,14833.333333333334,6333.333333333333,1466.6666666666667,6333.333333333333,0,0,10,9.457524797906386,0.9186335514013372,7.4405250205086135,6.578947368421053,3.9999999999999987,2.291666666666669,2.8947368421052633,5.714285714285715,5.3999999999999995,3.787878787878787,3.5220125786163523,3.787878787878787,4.762586492530938,5.230849608747315,5.74006527164523,5.798846013918782,CT_Cowpea
CT,Cowpea,-0.40974029634520237,-0.5460112430604532,-0.4778757697028278,-0.05745274231190851,-0.02975458900398286,3.9,-1.8195576642597089,2,54.8,17.4,14500,14166.666666666666,6666.666666666667,1816.6666666666667,6666.666666666667,0.7915151698449895,1.1955544999179495,8.997291744477579,8.962868941662062,1.446253256286447,9.70467596390484,0,5.714285714285715,7.0833333333333295,1.052631578947365,5.714285714285715,4.599999999999998,4.090909090909091,4.8427672955974845,4.090909090909091,4.9931835359669945,5.137293667231534,5.74006527164523,5.775663268863101,CT_Cowpea
CT,Cowpea,-0.5263698175774726,-0.7916896212993825,-0.6590297194384276,-0.09408575170275854,-0.06536335030895359,17.6,-1.8195576642597089,1.85,54.8,17.4,14500,14166.666666666666,6666.666666666667,1816.6666666666667,6666.666666666667,0.35667174729398887,0.4277373478256167,9.602213511349133,9.049884472633726,1.3392597378092823,5.209187858900738,0,3.5714285714285725,7.0833333333333295,1.052631578947365,5.714285714285715,4.599999999999998,4.090909090909091,4.8427672955974845,4.090909090909091,5.0174073394449685,5.178950440498865,5.74006527164523,5.775663268863101,CT_Cowpea
CT,Cowpea,-0.5800049227441455,-0.9744205384302794,-0.7772127305872125,-0.1307187610936149,-0.1009721116139244,8.8,-1.8195576642597089,1.8,54.8,17.4,14500,14166.666666666666,6666.666666666667,1816.6666666666667,6666.666666666667,0.15669774025754651,0,9.99685837569058,9.136900003605405,1.2322662193321174,8.096800656275636,0,2.8571428571428577,7.0833333333333295,1.052631578947365,5.714285714285715,4.599999999999998,4.090909090909091,4.8427672955974845,4.090909090909091,4.870929956288037,5,5.74006527164523,5.775663268863101,CT_Cowpea
CT,Cowpea,-0.27128655945347185,-0.17277524734105854,-0.2220309033972652,-0.13335897798664254,-0.13262882276321483,10.533,-1.036880286618584,2,54.2,18.2,20166.666666666668,20666.666666666668,12000,2900,12000,1.3077283565138678,2.3620267037229885,8.142956916026622,9.143171393224968,1.1371474119052198,7.528137817883511,2.368421052631578,5.714285714285715,6.458333333333335,2.1052631578947345,10,10,8.939393939393941,8.930817610062892,8.939393939393941,4.478621006659262,5.082139366591112,7.5,5.937988321934837,CT_Cowpea
CT,Cowpea,-0.48064338161355175,-0.6778019707424559,-0.5792226761780038,-0.1429297642238919,-0.141444934648965,10.533,-1.036880286618584,2.15,54.2,18.2,20166.666666666668,20666.666666666668,12000,2900,12000,0.5271589421784761,0.7836697344521009,9.335716326560439,9.165905180595944,1.1106576718700032,7.528137817883511,2.368421052631578,7.857142857142858,6.458333333333335,2.1052631578947345,10,10,8.939393939393941,8.930817610062892,8.939393939393941,4.6658177719577605,5.433750949126801,7.5,6.125374030978723,CT_Cowpea
CT,Cowpea,-0.6065527908604073,-0.894297238720173,-0.7504250147902901,-0.15580082157743433,-0.15330108511600904,10.533,-1.036880286618584,2,54.2,18.2,20166.666666666668,20666.666666666668,12000,2900,12000,0.05771623273581549,0.10705838065011941,9.907406987001687,9.196478204991395,1.0750335387191923,7.528137817883511,2.368421052631578,5.714285714285715,6.458333333333335,2.1052631578947345,10,10,8.939393939393941,8.930817610062892,8.939393939393941,4.849406339992328,5.082139366591112,7.5,6.173290887552929,CT_Cowpea
CT,Millet,0.04695362680944894,0.24122902266104962,0.14409132473524927,-0.00827870267914554,-0.06704964795294104,5.4,-0.3411670620486952,1.8,50.8,18,14500,13500,3333.3333333333335,733.3333333333334,3333.3333333333335,2.494260293931671,3.655911748983003,6.920376312864942,8.846064309997395,1.3341929252744475,9.212469237079574,4.473684210526313,2.8571428571428577,2.9166666666666634,1.8421052631578934,5.714285714285715,3.799999999999999,1.060606060606061,0.7547169811320754,1.060606060606061,5.016136377557332,3.7499999999999996,5.74006527164523,4.722167885980038,CT_Millet
CT,Millet,-0.4912902395934131,-0.5939044009608286,-0.5425973202771208,-0.09540586014927659,-0.14109894130766876,13.5,-0.3411670620486952,1.7,50.8,18,14500,13500,3333.3333333333335,733.3333333333334,3333.3333333333335,0.48746302201640007,1.0458743027130832,9.213414411331991,9.053020167443517,1.1116972768323299,6.554552912223134,4.473684210526313,1.428571428571427,2.9166666666666634,1.8421052631578934,5.714285714285715,3.799999999999999,1.060606060606061,0.7547169811320754,1.060606060606061,4.3084241685221185,3.852741648356936,5.74006527164523,4.722033949769874,CT_Millet
CT,Millet,-0.4206255922291086,-0.5406629336839778,-0.48064426295654317,-0.06966374544219181,-0.11922074099831752,0.7,-0.3411670620486952,1.85,50.8,18,14500,13500,3333.3333333333335,733.3333333333334,3333.3333333333335,0.7509302538852347,1.2122695389189004,9.006536488150317,8.991874118652616,1.1774346275084095,10,4.473684210526313,3.5714285714285725,2.9166666666666634,1.8421052631578934,5.714285714285715,3.799999999999999,1.060606060606061,0.7547169811320754,1.060606060606061,4.702224593115256,3.852741648356936,5.74006527164523,4.755079912368945,CT_Millet
CT,Millet,-0.4382934845755883,-0.662556268688402,-0.5504248766319951,0.01548324935816429,-0.08351960283037832,5.6,0.35454616252119453,1.8,51.2,20,14500,13166.666666666666,1833.3333333333333,366.6666666666667,1833.3333333333333,0.6850569938732566,0.8313170350273574,9.23955272753977,8.789621803421177,1.2847057104172668,9.146841673502871,6.578947368421053,2.8571428571428577,3.3333333333333357,4.473684210526315,5.714285714285715,3.399999999999998,0,0,0,5.015073810167231,4.188676930984533,5.74006527164523,4.957911382922945,CT_Millet
CT,Millet,-0.5324871269969669,-0.8353868423040521,-0.6839369846505094,-0.07428412500500073,-0.15524435839697867,12.4,0.35454616252119453,1.7,51.2,20,14500,13166.666666666666,1833.3333333333333,366.6666666666667,1833.3333333333333,0.3338638703802289,0.291170686865632,9.685385569711766,9.002849050486878,1.0691945924016584,6.915504511894996,6.578947368421053,1.428571428571427,3.3333333333333357,4.473684210526315,5.714285714285715,3.399999999999998,0,0,0,4.916846836916782,4.243565712663881,5.74006527164523,4.990049760039837,CT_Millet
CT,Millet,-0.43667990655218664,-0.6446444145327828,-0.5406621605424847,-0.0765943147864094,-0.15709021607700135,3.4,0.35454616252119453,1.8,51.2,20,14500,13166.666666666666,1833.3333333333333,366.6666666666667,1833.3333333333333,0.6910730846780169,0.8872968446672825,9.20695239243832,9.008336516404018,1.063648350393904,9.868744872846596,6.578947368421053,2.8571428571428577,3.3333333333333357,4.473684210526315,5.714285714285715,3.399999999999998,0,0,0,4.736211732870358,4.188676930984533,5.74006527164523,4.954671932985444,CT_Millet
CT,Millet,-0.3589845841205448,-0.3516377061237479,-0.35531114512214634,-0.1630614180332771,-0.2620303324080523,10.533,-0.6890236743336391,1.8,49.6,20.4,13666.666666666666,13500,4833.333333333333,966.6666666666666,4833.333333333333,0.9807536009436588,1.8030289412695264,8.58801549427433,9.213724526445235,0.7483351559948961,7.528137817883511,3.4210526315789473,2.8571428571428577,1.6666666666666679,4.999999999999998,4.285714285714286,3.799999999999999,2.424242424242424,1.6352201257861632,2.424242424242424,4.056650930676827,4.578252383584358,3.598581622764512,3.405804427200164,CT_Millet
CT,Millet,-0.3954534147861227,-0.5609972482696023,-0.4782253315278625,-0.16735177048445862,-0.26517450490760036,10.533,-0.6890236743336391,1.7,49.6,20.4,13666.666666666666,13500,4833.333333333333,966.6666666666666,4833.333333333333,0.8447826137056097,1.1487188283240117,8.998459025440205,9.223915534577053,0.7388878720653979,7.528137817883511,3.4210526315789473,1.428571428571427,1.6666666666666679,4.999999999999998,4.285714285714286,3.799999999999999,2.424242424242424,1.6352201257861632,2.424242424242424,3.880380353502426,4.602975697675406,3.598581622764512,3.452073861131845,CT_Millet
CT,Millet,-0.4610003695734243,-0.7106022501794171,-0.5858013098764208,-0.18550326162406888,-0.27847677317491626,10.533,-0.6890236743336391,1.6,49.6,20.4,13666.666666666666,13500,4833.333333333333,966.6666666666666,4833.333333333333,0.6003962708967232,0.681159219177421,9.357684154069887,9.26703133821166,0.6989185939021446,7.528137817883511,3.4210526315789473,0,1.6666666666666679,4.999999999999998,4.285714285714286,3.799999999999999,2.424242424242424,1.6352201257861632,2.424242424242424,4.712958907942338,4.602975697675406,3.598581622764512,3.680260211625401,CT_Millet
CT,Sunn hemp,-0.4676341023234827,-0.7112341963785489,-0.5894341493510158,-0.11520748684703228,-0.169933959188134,3,-0.08027460283498654,1.7,50.6,17.8,11166.666666666666,11000,6500,1450,6500,0.5756629527552618,0.6791842015369959,9.369815182275126,9.10005558959036,1.0250568011370333,10,5.263157894736841,1.428571428571427,2.7083333333333344,1.5789473684210522,0,0.7999999999999992,3.93939393939394,3.4591194968553456,3.93939393939394,4.906214314711167,2.7555453285727283,2.5,3.720471387701671,CT_Sunn hemp
CT,Sunn hemp,-0.49998374728618683,-0.6946977545386868,-0.5973407509124368,-0.18451318028918035,-0.22742595954043654,3.2,-0.08027460283498654,1.8,50.6,17.8,11166.666666666666,11000,6500,1450,6500,0.4550500051476213,0.7308654433712907,9.396217451689978,9.264679567104317,0.8523107921056952,9.934372436423297,5.263157894736841,2.8571428571428577,2.7083333333333344,1.5789473684210522,0,0.7999999999999992,3.93939393939394,3.4591194968553456,3.93939393939394,4.941527614718415,2.7555453285727283,2.5,3.7316803786127717,CT_Sunn hemp
CT,Sunn hemp,-0.625162757703596,-0.9417117903079705,-0.7834372740057832,-0.22015610834514396,-0.2569932740073353,3,-0.08027460283498654,1.85,50.6,17.8,11166.666666666666,11000,6500,1450,6500,0,0,10,9.349343326968642,0.7634699874610061,10,5.263157894736841,3.5714285714285725,2.7083333333333344,1.5789473684210522,0,0.7999999999999992,3.93939393939394,3.4591194968553456,3.93939393939394,4.969604136565532,2.7555453285727283,2.5,3.74051394619842,CT_Sunn hemp
CT,Sunn hemp,-0.4790461132619233,-0.7437055953180863,-0.6113758542900048,-0.09573588726090398,-0.01115828669896583,10.533,-0.08027460283498654,1.5,39.4,17.2,13333.333333333334,12333.333333333334,3500,766.6666666666666,3500,0.533114223735118,0.5777015344951187,9.44308443717815,9.05380409114596,1.502129499698515,7.528137817883511,5.263157894736841,0,0,0.7894736842105238,3.714285714285716,2.4,1.2121212121212124,0.8805031446540877,1.2121212121212124,4.982504700458249,2.5,2.819996771785406,3.7445497544686344,CT_Sunn hemp
CT,Sunn hemp,-0.4107356940764545,-0.49770762990819084,-0.45422166199232267,-0.06141306765146039,0.02534904954577956,10.533,-0.08027460283498654,1.8,39.4,17.2,13333.333333333334,12333.333333333334,3500,766.6666666666666,3500,0.787803912594819,1.3465174904431896,8.918304316100263,8.972276026091432,1.6118229631021121,7.528137817883511,5.263157894736841,2.8571428571428577,0,0.7894736842105238,3.714285714285716,2.4,1.2121212121212124,0.8805031446540877,1.2121212121212124,4.973182665818819,2.5,2.819996771785406,3.7416348989477854,CT_Sunn hemp
CT,Sunn hemp,-0.47719848749888394,-0.6698215847947601,-0.5735100361468219,-0.0848449925771386,0.04257719171549,10.533,-0.08027460283498654,1.65,39.4,17.2,13333.333333333334,12333.333333333334,3500,766.6666666666666,3500,0.5400029419764747,0.8086107864684826,9.316640284850017,9.027934608965198,1.6635883006204613,7.528137817883511,5.263157894736841,0.714285714285712,0,0.7894736842105238,3.714285714285716,2.4,1.2121212121212124,0.8805031446540877,1.2121212121212124,4.96876633147869,2.5,2.819996771785406,3.740251348019692,CT_Sunn hemp
CT,Sunn hemp,-0.5546822637170213,-0.8126729198493113,-0.6836775917831663,-0.07989458590269806,-0.0801990745015288,10.533,-2.9500916541857793,2.1,52.6,16.8,16166.666666666666,15333.333333333334,8666.666666666666,2116.6666666666665,8666.666666666666,0.2511111580878164,0.36215837156568376,9.684519387153472,9.016175753428483,1.2946828900799896,7.528137817883511,0,7.142857142857145,4.791666666666668,0.26315789473684126,8.571428571428571,6,5.909090909090909,5.974842767295597,5.909090909090909,4.999999999999999,5.301871304892408,7.499999999999999,7.141442155309033,CT_Sunn hemp
CT,Sunn hemp,-0.5299171979199101,-0.8021151846973135,-0.6660161913086118,-0.0798945859027003,-0.08019907450152973,10.533,-2.9500916541857793,1.95,52.6,16.8,16166.666666666666,15333.333333333334,8666.666666666666,2116.6666666666665,8666.666666666666,0.3434456361610825,0.3951543974881131,9.625543220218734,9.016175753428488,1.2946828900799867,7.528137817883511,0,5,4.791666666666668,0.26315789473684126,8.571428571428571,6,5.909090909090909,5.974842767295597,5.909090909090909,4.999999999999996,5.301871304892408,7.499999999999999,7.141442155309034,CT_Sunn hemp
CT,Sunn hemp,-0.5472493561490024,-0.8178565308291177,-0.68255294348906,-0.15415068601928678,-0.148977847929131,10.533,-2.9500916541857793,2.2,52.6,16.8,16166.666666666666,15333.333333333334,8666.666666666666,2116.6666666666665,8666.666666666666,0.27882413274665685,0.3459580634693859,9.680763883979663,9.192558586479155,1.0880235541222507,7.528137817883511,0,8.571428571428577,4.791666666666668,0.26315789473684126,8.571428571428571,6,5.909090909090909,5.974842767295597,5.909090909090909,4.936135236231067,5.301871304892408,7.499999999999999,7.134610346189536,CT_Sunn hemp
CT,Pigeon pea,-0.5185337195209242,-0.7957642286552222,-0.6571489740880732,-0.09375572459112691,-0.2267927581342778,4.9,1.4850801524472643,1.5,52.6,18,14333.333333333334,9333.333333333334,2166.6666666666665,533.3333333333334,2166.6666666666665,0.3858879839924889,0.4150030020590847,9.595933196721534,9.049100548931273,0.854213370119274,9.376538146021328,10,0,4.791666666666668,1.8421052631578934,5.428571428571431,0,0,0,0,4.964948262847059,3.8762342908438057,5.289378842484631,4.495101991542288,CT_Pigeon pea
CT,Pigeon pea,-0.45344871025830435,-0.7071952134407975,-0.580321961849551,-0.13995952021922842,-0.25947737183149694,3.7,1.4850801524472643,1.65,52.6,18,14333.333333333334,9333.333333333334,2166.6666666666665,533.3333333333334,2166.6666666666665,0.6285520015199,0.6918072105247783,9.339387137115214,9.158849867273917,0.7560060275615804,9.770303527481543,10,0.714285714285712,4.791666666666668,1.8421052631578934,5.428571428571431,0,0,0,0,4.968725852419567,3.8762342908438057,5.289378842484631,4.495665091307241,CT_Pigeon pea
CT,Pigeon pea,-0.04607976813078507,0.35479037420012394,0.15435530303466943,-0.19078369541013676,-0.2954304468984377,3.4,1.4850801524472643,1.75,52.6,18,14333.333333333334,9333.333333333334,2166.6666666666665,533.3333333333334,2166.6666666666665,2.1473930562038976,4.010824355259202,6.886102128409793,9.279574117450819,0.6479779507481181,9.868744872846596,10,2.1428571428571423,4.791666666666668,1.8421052631578934,5.428571428571431,0,0,0,0,4.873242802494226,3.870367200205427,5.289378842484631,4.477987632870456,CT_Pigeon pea
CT,Pigeon pea,-0.47990186507907817,-0.6337350818631307,-0.5568184734711044,-0.14755014378670292,-0.145700988662776,10.533,-0.4281312151199314,1.6,52.2,17.8,13333.333333333334,11333.333333333334,4000,800,4000,0.5299236246046904,0.9213917161886741,9.26090266720282,9.17688011243021,1.0978695215081726,7.528137817883511,4.210526315789471,0,4.375000000000002,1.5789473684210522,3.714285714285716,1.2,1.666666666666667,1.0062893081761006,1.666666666666667,4.651997507018392,2.8603793273895626,2.819996771785406,3.557914946767183,CT_Pigeon pea
CT,Pigeon pea,0.20403670235318733,-0.4353316178190112,-0.11564745773291193,-0.0765943147864073,-0.08034015916497113,10.533,-0.4281312151199314,1.7,52.2,17.8,13333.333333333334,11333.333333333334,4000,800,4000,3.0799314128093918,1.5414608643961598,7.787713974809548,9.008336516404015,1.2942589734934062,7.528137817883511,4.210526315789471,1.428571428571427,4.375000000000002,1.5789473684210522,3.714285714285716,1.2,1.666666666666667,1.0062893081761006,1.666666666666667,4.998796390783707,2.8603793273895626,2.819996771785406,3.8536862596801975,CT_Pigeon pea
CT,Pigeon pea,-0.10382479704947192,0.1693198440100101,0.03274752348026909,-0.11718764951680723,-0.1177326337148777,10.533,-0.4281312151199314,1.7,52.2,17.8,13333.333333333334,11333.333333333334,4000,800,4000,1.9320955419467558,3.4311744271359674,7.292183215688001,9.104759131805043,1.1819059381716226,7.528137817883511,4.210526315789471,1.428571428571427,4.375000000000002,1.5789473684210522,3.714285714285716,1.2,1.666666666666667,1.0062893081761006,1.666666666666667,4.80123715427308,2.8603793273895626,2.819996771785406,3.7915676270458865,CT_Pigeon pea
CT,Pigeon pea,-0.5780496135303473,-0.8642271320781534,-0.7211383728042504,-0.660742302370233,-0.6186520516836511,10.533,-1.2108085927610563,1.6,51.4,19.2,14833.333333333334,14000,4500,950,4500,0.16398794724536567,0.20103630337368178,9.80961101157975,10,0,7.528137817883511,1.8421052631578936,0,3.5416666666666647,3.421052631578946,6.2857142857142865,4.399999999999999,2.121212121212121,1.572327044025157,2.121212121212121,4.887342024594216,4.274261666158147,6.45161290322581,4.704263385276989,CT_Pigeon pea
CT,Pigeon pea,-0.5772498869570407,-0.874792611668866,-0.7260212493129534,-0.23335719281031586,-0.22714211063422782,10.533,-1.2108085927610563,1.75,51.4,19.2,14833.333333333334,14000,4500,950,4500,0.16696966093643945,0.16801607380369846,9.82591624969005,9.380700275066541,0.8531636719048845,7.528137817883511,1.8421052631578936,2.1428571428571423,3.5416666666666647,3.421052631578946,6.2857142857142865,4.399999999999999,2.121212121212121,1.572327044025157,2.121212121212121,4.881071981319459,4.274261666158147,6.45161290322581,4.703851259383729,CT_Pigeon pea
CT,Pigeon pea,-0.55876424978612,-0.8355236607213476,-0.6971439552537338,-0.48318771631368024,-0.45600158968782845,10.533,-1.2108085927610563,1.6,51.4,19.2,14833.333333333334,14000,4500,950,4500,0.23589181418296246,0.2907430890921745,9.729487197106497,9.974130517819237,0.16551040895980262,7.528137817883511,1.8421052631578936,0,3.5416666666666647,3.421052631578946,6.2857142857142865,4.399999999999999,2.121212121212121,1.572327044025157,2.121212121212121,4.917839932794117,4.274261666158147,6.45161290322581,4.706251744381394,CT_Pigeon pea
