"Parcela","Cultura","Combo","DMG_norm","DMP_norm","RMP_norm","Densidade_norm","Estoque.de.C_norm","Na_norm","ICV..._norm","pH_norm","P_norm","K_norm","Altura.de.Plantas_norm","Diâmetro.espiga_norm","Comprimento.espiga_norm","Número.de.plantas_ha_norm","N.total.de.espigas_ha_norm","N.de.espigas.comerciais_ha_norm","Peso.de.espigas.comerciais_ha_norm","Produtividade_norm","Ca_norm","Mg_norm","Al_norm","CTC_norm","MOS_norm","EstN_norm","MI_norm","MA_norm","VIB_norm","RP_norm","AD_PT_norm","qMIC_norm","qCO2_norm","CCO2_norm","CMIC_norm","NMIC_norm","IPACSA","IQS_ANOVA","IQS_Fuzzy","IQS_PLS","IQS_MARS","IQS_RF","MetaIQS_Borda","pH_0_10","P_0_10","K_0_10","Ca_cmolc_dm3","Mg_cmolc_dm3","Al_cmolc_dm3","T_cmolc_dm3","MOS_g_kg","EstN_kg_ha","MI_pct","MA_pct","VIB_mm_h","RP_KPa","AD_PT","qMIC","qCO2","CCO2_g_kg","CMIC_ug_g","NMIC_mg_kg"
"CT","Cowpea","CT_Cowpea",0.422359081694417,0.556107040147235,9.50421855063334,9.11416621623441,1.66956645814554,9.34372436423298,6.57894736842105,3.36683417085427,3.87454120787454,0,4,2.29166666666667,2.89473684210526,5.71428571428572,5.4,3.78787878787879,3.52201257861635,3.78787878787879,0,0,1.9,0,0,1.73287971622058,0,4.24846489276497,0.19047619047619,10,2.67,2.71127890657789,1.4732335645396,3.92929947018754,1.99118728748872,7.07920345194894,5.79884601391878,1.41601465940683,5.79884601391878,4.50384402292855,5.83880317162691,5.72592574630559,56.8,4.685,57.455,59.817,1.04,0.54,0.05,3.27,10.6333,712.0433,19.86,15.4933,12,1.3133,0.1967,22.2667,4.7833,87.01,93.78,13.5533
"CT","Cowpea","CT_Cowpea",0,0,10,8.88290872401242,1.66956645814554,9.24528301886792,6.57894736842105,3.36683417085427,3.87454120787454,0,1.42857142857143,2.29166666666667,2.89473684210526,5.71428571428572,5.4,3.78787878787879,3.52201257861635,3.78787878787879,0,0,1.9,0,0,1.73287971622058,0,4.24846489276497,0.19047619047619,10,2.67,2.71127890657789,1.4732335645396,3.92929947018754,1.99118728748872,7.07920345194894,5.79884601391878,1.07058971031415,5.79884601391878,4.15411678092406,5.8388031716269,5.74257446836214,54.2,4.685,57.455,59.817,1.04,0.54,0.05,3.27,10.6333,712.0433,19.86,15.4933,12,1.3133,0.1967,22.2667,4.7833,87.01,93.78,13.5533
"CT","Cowpea","CT_Cowpea",0,0,10,9.45752479790639,0.918633551401337,7.44052502050861,6.57894736842105,3.36683417085427,3.87454120787454,0,4,2.29166666666667,2.89473684210526,5.71428571428572,5.4,3.78787878787879,3.52201257861635,3.78787878787879,0,0,1.9,0,0,1.73287971622058,0,4.24846489276497,0.19047619047619,10,2.67,2.71127890657789,1.4732335645396,3.92929947018754,1.99118728748872,7.07920345194894,5.79884601391878,1.45435087492817,5.79884601391878,4.59263532639645,5.83880317162692,5.74656246325786,58.4,4.685,57.455,59.817,1.04,0.54,0.05,3.27,10.6333,712.0433,19.86,15.4933,12,1.3133,0.1967,22.2667,4.7833,87.01,93.78,13.5533
"CT","Cowpea","CT_Cowpea",0.791515169844989,1.19555449991795,8.99729174447758,8.96286894166206,1.44625325628645,9.70467596390484,0,3.36683417085427,3.87454120787454,0,5.71428571428572,7.08333333333333,1.05263157894737,5.71428571428572,4.6,4.09090909090909,4.84276729559748,4.09090909090909,0,0,1.9,0,0,1.73287971622058,0,4.24846489276497,0.19047619047619,10,2.67,2.71127890657789,1.4732335645396,3.92929947018754,1.99118728748872,7.07920345194894,5.7756632688631,1.40307709602362,5.7756632688631,4.86343548294434,5.83283323437007,5.80067969780525,58,4.685,57.455,59.817,1.04,0.54,0.05,3.27,10.6333,712.0433,19.86,15.4933,12,1.3133,0.1967,22.2667,4.7833,87.01,93.78,13.5533
"CT","Cowpea","CT_Cowpea",0.356671747293989,0.427737347825617,9.60221351134913,9.04988447263373,1.33925973780928,5.20918785890074,0,3.36683417085427,3.87454120787454,0,3.57142857142857,7.08333333333333,1.05263157894737,5.71428571428572,4.6,4.09090909090909,4.84276729559748,4.09090909090909,0,0,1.9,0,0,1.73287971622058,0,4.24846489276497,0.19047619047619,10,2.67,2.71127890657789,1.4732335645396,3.92929947018754,1.99118728748872,7.07920345194894,5.7756632688631,1.3947282420196,5.7756632688631,4.73341156397064,5.83283323437006,5.79045921138856,57,4.685,57.455,59.817,1.04,0.54,0.05,3.27,10.6333,712.0433,19.86,15.4933,12,1.3133,0.1967,22.2667,4.7833,87.01,93.78,13.5533
"CT","Cowpea","CT_Cowpea",0.156697740257547,0,9.99685837569058,9.1369000036054,1.23226621933212,8.09680065627564,0,3.36683417085427,3.87454120787454,0,2.85714285714286,7.08333333333333,1.05263157894737,5.71428571428572,4.6,4.09090909090909,4.84276729559748,4.09090909090909,0,0,1.9,0,0,1.73287971622058,0,4.24846489276497,0.19047619047619,10,2.67,2.71127890657789,1.4732335645396,3.92929947018754,1.99118728748872,7.07920345194894,5.7756632688631,1.03939751956334,5.7756632688631,4.53399977699469,5.83283323437006,5.78628423768679,54.6,4.685,57.455,59.817,1.04,0.54,0.05,3.27,10.6333,712.0433,19.86,15.4933,12,1.3133,0.1967,22.2667,4.7833,87.01,93.78,13.5533
"CT","Cowpea","CT_Cowpea",1.30772835651387,2.36202670372299,8.14295691602662,9.14317139322497,1.13714741190522,7.52813781788351,2.36842105263158,3.36683417085427,3.87454120787454,0,5.71428571428572,6.45833333333333,2.10526315789473,10,10,8.93939393939394,8.93081761006289,8.93939393939394,0,0,1.9,0,0,1.73287971622058,0,4.24846489276497,0.19047619047619,10,2.67,2.71127890657789,1.4732335645396,3.92929947018754,1.99118728748872,7.07920345194894,5.93798832193484,2.30255875729928,5.93798832193484,7.03388164677974,6.09710118999649,6.07211583363404,72,4.685,57.455,59.817,1.04,0.54,0.05,3.27,10.6333,712.0433,19.86,15.4933,12,1.3133,0.1967,22.2667,4.7833,87.01,93.78,13.5533
"CT","Cowpea","CT_Cowpea",0.527158942178476,0.783669734452101,9.33571632656044,9.16590518059594,1.11065767187,7.52813781788351,2.36842105263158,3.36683417085427,3.87454120787454,0,7.85714285714286,6.45833333333333,2.10526315789473,10,10,8.93939393939394,8.93081761006289,8.93939393939394,0,0,1.9,0,0,1.73287971622058,0,4.24846489276497,0.19047619047619,10,2.67,2.71127890657789,1.4732335645396,3.92929947018754,1.99118728748872,7.07920345194894,6.12537403097872,2.1418446026867,6.12537403097872,7.34013787234752,6.09710118999649,6.09896972455519,74.2,4.685,57.455,59.817,1.04,0.54,0.05,3.27,10.6333,712.0433,19.86,15.4933,12,1.3133,0.1967,22.2667,4.7833,87.01,93.78,13.5533
"CT","Cowpea","CT_Cowpea",0.0577162327358155,0.107058380650119,9.90740698700169,9.1964782049914,1.07503353871919,7.52813781788351,2.36842105263158,3.36683417085427,3.87454120787454,0,5.71428571428572,6.45833333333333,2.10526315789473,10,10,8.93939393939394,8.93081761006289,8.93939393939394,0,0,1.9,0,0,1.73287971622058,0,4.24846489276497,0.19047619047619,10,2.67,2.71127890657789,1.4732335645396,3.92929947018754,1.99118728748872,7.07920345194894,6.17329088755293,1.81180454445021,6.17329088755293,7.04687349013285,6.09710118999649,6.07547361517726,71.2,4.685,57.455,59.817,1.04,0.54,0.05,3.27,10.6333,712.0433,19.86,15.4933,12,1.3133,0.1967,22.2667,4.7833,87.01,93.78,13.5533
"CT","Millet","CT_Millet",2.49426029393167,3.655911748983,6.92037631286494,8.8460643099974,1.33419292527445,9.21246923707957,4.47368421052631,2.71356783919598,7.11333555778,0.866729500471255,2.85714285714286,2.91666666666666,1.84210526315789,5.71428571428572,3.8,1.06060606060606,0.754716981132075,1.06060606060606,2.5825,2.59333333333333,2.37142857142857,4.27883844055832,4.50980392156863,4.65269267978071,4.41102756892231,1.21622022485242,0,7.11924739384694,10,1.44648259385795,4.29889052978402,10,1.32086600513497,9.29588907544819,4.72216788598004,1.82321864788259,4.72216788598004,2.89818707064105,4.65293724293863,4.73635762167011,32.9,4.62,72.015,64.415,1.1433,0.6567,0.0533,3.5367,12.9333,802.5867,21.62,12.4267,6,1.0867,0.27,15.6067,10.0833,159.1967,74.46,17.2367
"CT","Millet","CT_Millet",0.4874630220164,1.04587430271308,9.21341441133199,9.05302016744352,1.11169727683233,6.55455291222313,4.47368421052631,2.71356783919598,7.11333555778,0.866729500471255,1.42857142857143,2.91666666666666,1.84210526315789,5.71428571428572,3.8,1.06060606060606,0.754716981132075,1.06060606060606,2.5825,2.59333333333333,2.37142857142857,4.27883844055832,4.50980392156863,4.65269267978071,4.41102756892231,1.21622022485242,0,7.11924739384694,10,1.44648259385795,4.29889052978402,10,1.32086600513497,9.29588907544819,4.72203394976987,1.26845704523508,4.72203394976987,2.81852783269379,4.65293724293863,4.70316258425745,29.5,4.62,72.015,64.415,1.1433,0.6567,0.0533,3.5367,12.9333,802.5867,21.62,12.4267,6,1.0867,0.27,15.6067,10.0833,159.1967,74.46,17.2367
"CT","Millet","CT_Millet",0.750930253885235,1.2122695389189,9.00653648815032,8.99187411865262,1.17743462750841,10,4.47368421052631,2.71356783919598,7.11333555778,0.866729500471255,3.57142857142857,2.91666666666666,1.84210526315789,5.71428571428572,3.8,1.06060606060606,0.754716981132075,1.06060606060606,2.5825,2.59333333333333,2.37142857142857,4.27883844055832,4.50980392156863,4.65269267978071,4.41102756892231,1.21622022485242,0,7.11924739384694,10,1.44648259385795,4.29889052978402,10,1.32086600513497,9.29588907544819,4.75507991236895,1.24519704962347,4.75507991236895,2.98887950577057,4.65293724293863,4.73282222501261,31.8,4.62,72.015,64.415,1.1433,0.6567,0.0533,3.5367,12.9333,802.5867,21.62,12.4267,6,1.0867,0.27,15.6067,10.0833,159.1967,74.46,17.2367
"CT","Millet","CT_Millet",0.685056993873257,0.831317035027357,9.23955272753977,8.78962180342118,1.28470571041727,9.14684167350287,6.57894736842105,2.71356783919598,7.11333555778,0.866729500471255,2.85714285714286,3.33333333333334,4.47368421052632,5.71428571428572,3.4,0,0,0,2.5825,2.59333333333333,2.37142857142857,4.27883844055832,4.50980392156863,4.65269267978071,4.41102756892231,1.21622022485242,0,7.11924739384694,10,1.44648259385795,4.29889052978402,10,1.32086600513497,9.29588907544819,4.95791138292295,1.26083301745289,4.95791138292295,2.95548253226713,4.93775499077284,4.90242732657942,36.6,4.62,72.015,64.415,1.1433,0.6567,0.0533,3.5367,12.9333,802.5867,21.62,12.4267,6,1.0867,0.27,15.6067,10.0833,159.1967,74.46,17.2367
"CT","Millet","CT_Millet",0.333863870380229,0.291170686865632,9.68538556971177,9.00284905048688,1.06919459240166,6.915504511895,6.57894736842105,2.71356783919598,7.11333555778,0.866729500471255,1.42857142857143,3.33333333333334,4.47368421052632,5.71428571428572,3.4,0,0,0,2.5825,2.59333333333333,2.37142857142857,4.27883844055832,4.50980392156863,4.65269267978071,4.41102756892231,1.21622022485242,0,7.11924739384694,10,1.44648259385795,4.29889052978402,10,1.32086600513497,9.29588907544819,4.99004976003984,1.19828945679628,4.99004976003984,2.84484148262843,4.93775499077284,4.87872591022932,35.2,4.62,72.015,64.415,1.1433,0.6567,0.0533,3.5367,12.9333,802.5867,21.62,12.4267,6,1.0867,0.27,15.6067,10.0833,159.1967,74.46,17.2367
"CT","Millet","CT_Millet",0.691073084678017,0.887296844667283,9.20695239243832,9.00833651640402,1.0636483503939,9.8687448728466,6.57894736842105,2.71356783919598,7.11333555778,0.866729500471255,2.85714285714286,3.33333333333334,4.47368421052632,5.71428571428572,3.4,0,0,0,2.5825,2.59333333333333,2.37142857142857,4.27883844055832,4.50980392156863,4.65269267978071,4.41102756892231,1.21622022485242,0,7.11924739384694,10,1.44648259385795,4.29889052978402,10,1.32086600513497,9.29588907544819,4.95467193298544,1.23336415617196,4.95467193298544,2.93410861966186,4.93775499077284,4.90645354204692,35.6,4.62,72.015,64.415,1.1433,0.6567,0.0533,3.5367,12.9333,802.5867,21.62,12.4267,6,1.0867,0.27,15.6067,10.0833,159.1967,74.46,17.2367
"CT","Millet","CT_Millet",0.980753600943659,1.80302894126953,8.58801549427433,9.21372452644523,0.748335155994896,7.52813781788351,3.42105263157895,2.71356783919598,7.11333555778,0.866729500471255,2.85714285714286,1.66666666666667,5,4.28571428571429,3.8,2.42424242424242,1.63522012578616,2.42424242424242,2.5825,2.59333333333333,2.37142857142857,4.27883844055832,4.50980392156863,4.65269267978071,4.41102756892231,1.21622022485242,0,7.11924739384694,10,1.44648259385795,4.29889052978402,10,1.32086600513497,9.29588907544819,3.40580442720016,1.90742450022647,3.40580442720016,3.14889416789297,3.62265887429669,3.65346383074829,11.6,4.62,72.015,64.415,1.1433,0.6567,0.0533,3.5367,12.9333,802.5867,21.62,12.4267,6,1.0867,0.27,15.6067,10.0833,159.1967,74.46,17.2367
"CT","Millet","CT_Millet",0.84478261370561,1.14871882832401,8.99845902544021,9.22391553457705,0.738887872065398,7.52813781788351,3.42105263157895,2.71356783919598,7.11333555778,0.866729500471255,1.42857142857143,1.66666666666667,5,4.28571428571429,3.8,2.42424242424242,1.63522012578616,2.42424242424242,2.5825,2.59333333333333,2.37142857142857,4.27883844055832,4.50980392156863,4.65269267978071,4.41102756892231,1.21622022485242,0,7.11924739384694,10,1.44648259385795,4.29889052978402,10,1.32086600513497,9.29588907544819,3.45207386113184,1.68113695216118,3.45207386113184,2.95142785299106,3.62265887429669,3.63273230071311,9,4.62,72.015,64.415,1.1433,0.6567,0.0533,3.5367,12.9333,802.5867,21.62,12.4267,6,1.0867,0.27,15.6067,10.0833,159.1967,74.46,17.2367
"CT","Millet","CT_Millet",0.600396270896723,0.681159219177421,9.35768415406989,9.26703133821166,0.698918593902145,7.52813781788351,3.42105263157895,2.71356783919598,7.11333555778,0.866729500471255,0,1.66666666666667,5,4.28571428571429,3.8,2.42424242424242,1.63522012578616,2.42424242424242,2.5825,2.59333333333333,2.37142857142857,4.27883844055832,4.50980392156863,4.65269267978071,4.41102756892231,1.21622022485242,0,7.11924739384694,10,1.44648259385795,4.29889052978402,10,1.32086600513497,9.29588907544819,3.6802602116254,1.46943722480188,3.6802602116254,2.75562320036586,3.62265887429669,3.67718372437197,8.2,4.62,72.015,64.415,1.1433,0.6567,0.0533,3.5367,12.9333,802.5867,21.62,12.4267,6,1.0867,0.27,15.6067,10.0833,159.1967,74.46,17.2367
"CT","Pigeon pea","CT_Pigeon pea",0.385887983992489,0.415003002059085,9.59593319672153,9.04910054893127,0.854213370119274,9.37653814602133,10,2.76381909547739,10,2.93119698397738,0,4.79166666666667,1.84210526315789,5.42857142857143,0,0,0,0,5.8325,6.51777777777778,0.942857142857142,5.08102037542115,2.61450980392157,0,0.985714285714285,0.566877280412921,0.158730158730159,4.49148232901093,9,0.760909817743991,7.59904460806005,7.39774619460096,0.420859065991257,0.924792527998941,4.49510199154229,0.252056959296301,4.49510199154229,0,4.52004650103977,4.51123623964659,21.2,4.625,84.992,75.367,1.2733,0.8333,0.0433,3.5867,11.9667,658.3067,20.2533,11.77,11,0.88,0.26,11.9967,16.2733,128.2533,48.52,3.3267
"CT","Pigeon pea","CT_Pigeon pea",0.6285520015199,0.691807210524778,9.33938713711521,9.15884986727392,0.75600602756158,9.77030352748154,10,2.76381909547739,10,2.93119698397738,0.714285714285712,4.79166666666667,1.84210526315789,5.42857142857143,0,0,0,0,5.8325,6.51777777777778,0.942857142857142,5.08102037542115,2.61450980392157,0,0.985714285714285,0.566877280412921,0.158730158730159,4.49148232901093,9,0.760909817743991,7.59904460806005,7.39774619460096,0.420859065991257,0.924792527998941,4.49566509130724,0.360970195859112,4.49566509130724,0.085099005161227,4.52004650103977,4.49695975097986,21.2,4.625,84.992,75.367,1.2733,0.8333,0.0433,3.5867,11.9667,658.3067,20.2533,11.77,11,0.88,0.26,11.9967,16.2733,128.2533,48.52,3.3267
"CT","Pigeon pea","CT_Pigeon pea",2.1473930562039,4.0108243552592,6.88610212840979,9.27957411745082,0.647977950748118,9.8687448728466,10,2.76381909547739,10,2.93119698397738,2.14285714285714,4.79166666666667,1.84210526315789,5.42857142857143,0,0,0,0,5.8325,6.51777777777778,0.942857142857142,5.08102037542115,2.61450980392157,0,0.985714285714285,0.566877280412921,0.158730158730159,4.49148232901093,9,0.760909817743991,7.59904460806005,7.39774619460096,0.420859065991257,0.924792527998941,4.47798763287046,1.16122161675634,4.47798763287046,0.268606302825813,4.52004650103977,4.50290981811684,22.6,4.625,84.992,75.367,1.2733,0.8333,0.0433,3.5867,11.9667,658.3067,20.2533,11.77,11,0.88,0.26,11.9967,16.2733,128.2533,48.52,3.3267
"CT","Pigeon pea","CT_Pigeon pea",0.52992362460469,0.921391716188674,9.26090266720282,9.17688011243021,1.09786952150817,7.52813781788351,4.21052631578947,2.76381909547739,10,2.93119698397738,0,4.375,1.57894736842105,3.71428571428572,1.2,1.66666666666667,1.0062893081761,1.66666666666667,5.8325,6.51777777777778,0.942857142857142,5.08102037542115,2.61450980392157,0,0.985714285714285,0.566877280412921,0.158730158730159,4.49148232901093,9,0.760909817743991,7.59904460806005,7.39774619460096,0.420859065991257,0.924792527998941,3.55791494676718,0.440119506698323,3.55791494676718,0.168154758387676,3.72282200170098,3.74991341407939,4.4,4.625,84.992,75.367,1.2733,0.8333,0.0433,3.5867,11.9667,658.3067,20.2533,11.77,11,0.88,0.26,11.9967,16.2733,128.2533,48.52,3.3267
"CT","Pigeon pea","CT_Pigeon pea",3.07993141280939,1.54146086439616,7.78771397480955,9.00833651640401,1.29425897349341,7.52813781788351,4.21052631578947,2.76381909547739,10,2.93119698397738,1.42857142857143,4.375,1.57894736842105,3.71428571428572,1.2,1.66666666666667,1.0062893081761,1.66666666666667,5.8325,6.51777777777778,0.942857142857142,5.08102037542115,2.61450980392157,0,0.985714285714285,0.566877280412921,0.158730158730159,4.49148232901093,9,0.760909817743991,7.59904460806005,7.39774619460096,0.420859065991257,0.924792527998941,3.8536862596802,0.975920910047549,3.8536862596802,0.339105617280484,3.72282200170098,3.82689882541909,8.9,4.625,84.992,75.367,1.2733,0.8333,0.0433,3.5867,11.9667,658.3067,20.2533,11.77,11,0.88,0.26,11.9967,16.2733,128.2533,48.52,3.3267
"CT","Pigeon pea","CT_Pigeon pea",1.93209554194676,3.43117442713597,7.292183215688,9.10475913180504,1.18190593817162,7.52813781788351,4.21052631578947,2.76381909547739,10,2.93119698397738,1.42857142857143,4.375,1.57894736842105,3.71428571428572,1.2,1.66666666666667,1.0062893081761,1.66666666666667,5.8325,6.51777777777778,0.942857142857142,5.08102037542115,2.61450980392157,0,0.985714285714285,0.566877280412921,0.158730158730159,4.49148232901093,9,0.760909817743991,7.59904460806005,7.39774619460096,0.420859065991257,0.924792527998941,3.79156762704589,1.10090513453749,3.79156762704589,0.352212621617063,3.72282200170098,3.82319025912219,9.1,4.625,84.992,75.367,1.2733,0.8333,0.0433,3.5867,11.9667,658.3067,20.2533,11.77,11,0.88,0.26,11.9967,16.2733,128.2533,48.52,3.3267
"CT","Pigeon pea","CT_Pigeon pea",0.163987947245366,0.201036303373682,9.80961101157975,10,0,7.52813781788351,1.84210526315789,2.76381909547739,10,2.93119698397738,0,3.54166666666666,3.42105263157895,6.28571428571429,4.4,2.12121212121212,1.57232704402516,2.12121212121212,5.8325,6.51777777777778,0.942857142857142,5.08102037542115,2.61450980392157,0,0.985714285714285,0.566877280412921,0.158730158730159,4.49148232901093,9,0.760909817743991,7.59904460806005,7.39774619460096,0.420859065991257,0.924792527998941,4.70426338527699,0,4.70426338527699,1.25043437062228,4.65482398189477,4.67185150510913,25.6,4.625,84.992,75.367,1.2733,0.8333,0.0433,3.5867,11.9667,658.3067,20.2533,11.77,11,0.88,0.26,11.9967,16.2733,128.2533,48.52,3.3267
"CT","Pigeon pea","CT_Pigeon pea",0.166969660936439,0.168016073803698,9.82591624969005,9.38070027506654,0.853163671904885,7.52813781788351,1.84210526315789,2.76381909547739,10,2.93119698397738,2.14285714285714,3.54166666666666,3.42105263157895,6.28571428571429,4.4,2.12121212121212,1.57232704402516,2.12121212121212,5.8325,6.51777777777778,0.942857142857142,5.08102037542115,2.61450980392157,0,0.985714285714285,0.566877280412921,0.158730158730159,4.49148232901093,9,0.760909817743991,7.59904460806005,7.39774619460096,0.420859065991257,0.924792527998941,4.70385125938373,0.113881601601113,4.70385125938373,1.53065660292579,4.65482398189477,4.66830821172752,25.6,4.625,84.992,75.367,1.2733,0.8333,0.0433,3.5867,11.9667,658.3067,20.2533,11.77,11,0.88,0.26,11.9967,16.2733,128.2533,48.52,3.3267
"CT","Pigeon pea","CT_Pigeon pea",0.235891814182962,0.290743089092175,9.7294871971065,9.97413051781924,0.165510408959803,7.52813781788351,1.84210526315789,2.76381909547739,10,2.93119698397738,0,3.54166666666666,3.42105263157895,6.28571428571429,4.4,2.12121212121212,1.57232704402516,2.12121212121212,5.8325,6.51777777777778,0.942857142857142,5.08102037542115,2.61450980392157,0,0.985714285714285,0.566877280412921,0.158730158730159,4.49148232901093,9,0.760909817743991,7.59904460806005,7.39774619460096,0.420859065991257,0.924792527998941,4.70625174438139,0.0160029600150156,4.70625174438139,1.24624106224464,4.65482398189477,4.6695914312846,25.6,4.625,84.992,75.367,1.2733,0.8333,0.0433,3.5867,11.9667,658.3067,20.2533,11.77,11,0.88,0.26,11.9967,16.2733,128.2533,48.52,3.3267
"CT","Sunn hemp","CT_Sunn hemp",0.575662952755262,0.679184201536996,9.36981518227513,9.10005558959036,1.02505680113703,10,5.26315789473684,3.16582914572865,2.30141252363475,2.50065975494816,1.42857142857143,2.70833333333333,1.57894736842105,0,0.799999999999999,3.93939393939394,3.45911949685535,3.93939393939394,6,6,2.85714285714286,2.94079897320712,2.54901960784314,4.4916672041277,7.78621553884711,0.995322990517438,0.238095238095238,5.0419527078566,5.67,1.41229890973039,1.69363480782867,0,0.809683575046839,0,3.72047138770167,2.63877825616708,3.72047138770167,2.70578782322194,3.74560783901461,3.76802399886444,13.4,4.665,50.383,73.083,1.28,0.81,0.0567,3.4533,11.9333,797.5933,22.9667,12.2033,13.5,0.9233,0.2267,15.4267,5.1967,40.2867,59.7267,1.79
"CT","Sunn hemp","CT_Sunn hemp",0.455050005147621,0.730865443371291,9.39621745168998,9.26467956710432,0.852310792105695,9.9343724364233,5.26315789473684,3.16582914572865,2.30141252363475,2.50065975494816,2.85714285714286,2.70833333333333,1.57894736842105,0,0.799999999999999,3.93939393939394,3.45911949685535,3.93939393939394,6,6,2.85714285714286,2.94079897320712,2.54901960784314,4.4916672041277,7.78621553884711,0.995322990517438,0.238095238095238,5.0419527078566,5.67,1.41229890973039,1.69363480782867,0,0.809683575046839,0,3.73168037861277,2.76095655606759,3.73168037861277,2.91189223842119,3.74560783901461,3.76568210517741,15.4,4.665,50.383,73.083,1.28,0.81,0.0567,3.4533,11.9333,797.5933,22.9667,12.2033,13.5,0.9233,0.2267,15.4267,5.1967,40.2867,59.7267,1.79
"CT","Sunn hemp","CT_Sunn hemp",0,0,10,9.34934332696864,0.763469987461006,10,5.26315789473684,3.16582914572865,2.30141252363475,2.50065975494816,3.57142857142857,2.70833333333333,1.57894736842105,0,0.799999999999999,3.93939393939394,3.45911949685535,3.93939393939394,6,6,2.85714285714286,2.94079897320712,2.54901960784314,4.4916672041277,7.78621553884711,0.995322990517438,0.238095238095238,5.0419527078566,5.67,1.41229890973039,1.69363480782867,0,0.809683575046839,0,3.74051394619842,2.65144879086908,3.74051394619842,3.01524279484026,3.74560783901461,3.85848227928307,18.4,4.665,50.383,73.083,1.28,0.81,0.0567,3.4533,11.9333,797.5933,22.9667,12.2033,13.5,0.9233,0.2267,15.4267,5.1967,40.2867,59.7267,1.79
"CT","Sunn hemp","CT_Sunn hemp",0.533114223735118,0.577701534495119,9.44308443717815,9.05380409114596,1.50212949969852,7.52813781788351,5.26315789473684,3.16582914572865,2.30141252363475,2.50065975494816,0,0,0.789473684210524,3.71428571428572,2.4,1.21212121212121,0.880503144654088,1.21212121212121,6,6,2.85714285714286,2.94079897320712,2.54901960784314,4.4916672041277,7.78621553884711,0.995322990517438,0.238095238095238,5.0419527078566,5.67,1.41229890973039,1.69363480782867,0,0.809683575046839,0,3.74454975446863,1.68831142438988,3.74454975446863,2.7678879546849,3.72462034596381,3.78603309664887,12.6,4.665,50.383,73.083,1.28,0.81,0.0567,3.4533,11.9333,797.5933,22.9667,12.2033,13.5,0.9233,0.2267,15.4267,5.1967,40.2867,59.7267,1.79
"CT","Sunn hemp","CT_Sunn hemp",0.787803912594819,1.34651749044319,8.91830431610026,8.97227602609143,1.61182296310211,7.52813781788351,5.26315789473684,3.16582914572865,2.30141252363475,2.50065975494816,2.85714285714286,0,0.789473684210524,3.71428571428572,2.4,1.21212121212121,0.880503144654088,1.21212121212121,6,6,2.85714285714286,2.94079897320712,2.54901960784314,4.4916672041277,7.78621553884711,0.995322990517438,0.238095238095238,5.0419527078566,5.67,1.41229890973039,1.69363480782867,0,0.809683575046839,0,3.74163489894779,2.05514757905257,3.74163489894779,3.16104947582702,3.72462034596381,3.80612860075512,16.4,4.665,50.383,73.083,1.28,0.81,0.0567,3.4533,11.9333,797.5933,22.9667,12.2033,13.5,0.9233,0.2267,15.4267,5.1967,40.2867,59.7267,1.79
"CT","Sunn hemp","CT_Sunn hemp",0.540002941976475,0.808610786468483,9.31664028485002,9.0279346089652,1.66358830062046,7.52813781788351,5.26315789473684,3.16582914572865,2.30141252363475,2.50065975494816,0.714285714285712,0,0.789473684210524,3.71428571428572,2.4,1.21212121212121,0.880503144654088,1.21212121212121,6,6,2.85714285714286,2.94079897320712,2.54901960784314,4.4916672041277,7.78621553884711,0.995322990517438,0.238095238095238,5.0419527078566,5.67,1.41229890973039,1.69363480782867,0,0.809683575046839,0,3.74025134801969,1.77308955998647,3.74025134801969,2.86385622883349,3.72462034596381,3.79613204331992,12.8,4.665,50.383,73.083,1.28,0.81,0.0567,3.4533,11.9333,797.5933,22.9667,12.2033,13.5,0.9233,0.2267,15.4267,5.1967,40.2867,59.7267,1.79
"CT","Sunn hemp","CT_Sunn hemp",0.251111158087816,0.362158371565684,9.68451938715347,9.01617575342848,1.29468289007999,7.52813781788351,0,3.16582914572865,2.30141252363475,2.50065975494816,7.14285714285715,4.79166666666667,0.263157894736841,8.57142857142857,6,5.90909090909091,5.9748427672956,5.90909090909091,6,6,2.85714285714286,2.94079897320712,2.54901960784314,4.4916672041277,7.78621553884711,0.995322990517438,0.238095238095238,5.0419527078566,5.67,1.41229890973039,1.69363480782867,0,0.809683575046839,0,7.14144215530903,2.29237239100355,7.14144215530903,5.91260715354293,7.10568020885429,6.98887722729277,81,4.665,50.383,73.083,1.28,0.81,0.0567,3.4533,11.9333,797.5933,22.9667,12.2033,13.5,0.9233,0.2267,15.4267,5.1967,40.2867,59.7267,1.79
"CT","Sunn hemp","CT_Sunn hemp",0.343445636161082,0.395154397488113,9.62554322021873,9.01617575342849,1.29468289007999,7.52813781788351,0,3.16582914572865,2.30141252363475,2.50065975494816,5,4.79166666666667,0.263157894736841,8.57142857142857,6,5.90909090909091,5.9748427672956,5.90909090909091,6,6,2.85714285714286,2.94079897320712,2.54901960784314,4.4916672041277,7.78621553884711,0.995322990517438,0.238095238095238,5.0419527078566,5.67,1.41229890973039,1.69363480782867,0,0.809683575046839,0,7.14144215530903,2.13849519264074,7.14144215530903,5.6133399639184,7.10568020885429,6.97665589773056,79.6,4.665,50.383,73.083,1.28,0.81,0.0567,3.4533,11.9333,797.5933,22.9667,12.2033,13.5,0.9233,0.2267,15.4267,5.1967,40.2867,59.7267,1.79
"CT","Sunn hemp","CT_Sunn hemp",0.278824132746657,0.345958063469386,9.68076388397966,9.19255858647916,1.08802355412225,7.52813781788351,0,3.16582914572865,2.30141252363475,2.50065975494816,8.57142857142858,4.79166666666667,0.263157894736841,8.57142857142857,6,5.90909090909091,5.9748427672956,5.90909090909091,6,6,2.85714285714286,2.94079897320712,2.54901960784314,4.4916672041277,7.78621553884711,0.995322990517438,0.238095238095238,5.0419527078566,5.67,1.41229890973039,1.69363480782867,0,0.809683575046839,0,7.13461034618954,2.42169659889485,7.13461034618954,6.11568285152185,7.10568020885429,6.95834835957649,80.8,4.665,50.383,73.083,1.28,0.81,0.0567,3.4533,11.9333,797.5933,22.9667,12.2033,13.5,0.9233,0.2267,15.4267,5.1967,40.2867,59.7267,1.79
"MT","Cowpea","MT_Cowpea",10,10,0,9.73914791175154,0.732046928041006,9.21246923707957,6.31578947368421,6.48241206030151,3.74708041374708,5.73044297832234,7.14285714285715,4.375,10,2.28571428571429,3.6,7.57575757575758,8.67924528301887,7.57575757575758,2.9175,4.37111111111111,0.471428571428571,6.36451147120167,6.86274509803922,7.42308932602386,6.35764411027569,0,1.55555555555556,1.44037630307653,3.67,0,10,7.04986964931461,0,9.93380153700795,4.96432534207939,8.72608441934418,4.96432534207939,7.15752545690898,4.91655643148432,5.01727128954581,65.2,4.995,56.882,90.217,1.1567,0.7367,0.04,3.6667,14.1333,888.4967,22.3967,11.1967,55,0.64,0.2067,7.99,20.7767,124.1167,36.39,18.2967
"MT","Cowpea","MT_Cowpea",6.39621980210554,8.63311110619867,2.51404384410777,9.6703868968063,0.838285163268508,9.60623461853979,6.31578947368421,6.48241206030151,3.74708041374708,5.73044297832234,7.85714285714286,4.375,10,2.28571428571429,3.6,7.57575757575758,8.67924528301887,7.57575757575758,2.9175,4.37111111111111,0.471428571428571,6.36451147120167,6.86274509803922,7.42308932602386,6.35764411027569,0,1.55555555555556,1.44037630307653,3.67,0,10,7.04986964931461,0,9.93380153700795,4.96412598992629,8.0467444994293,4.96412598992629,7.28248596297587,4.91655643148432,5.02452192744466,64.2,4.995,56.882,90.217,1.1567,0.7367,0.04,3.6667,14.1333,888.4967,22.3967,11.1967,55,0.64,0.2067,7.99,20.7767,124.1167,36.39,18.2967
"MT","Cowpea","MT_Cowpea",0.699663217707755,1.72149976127136,8.7574470696726,9.71906042423944,0.763082816983872,0,6.31578947368421,6.48241206030151,3.74708041374708,5.73044297832234,7.14285714285715,4.375,10,2.28571428571429,3.6,7.57575757575758,8.67924528301887,7.57575757575758,2.9175,4.37111111111111,0.471428571428571,6.36451147120167,6.86274509803922,7.42308932602386,6.35764411027569,0,1.55555555555556,1.44037630307653,3.67,0,10,7.04986964931461,0,9.93380153700795,4.96426454190975,6.92031022259584,4.96426454190975,7.58406793017123,4.91655643148432,5.02822970310552,62.8,4.995,56.882,90.217,1.1567,0.7367,0.04,3.6667,14.1333,888.4967,22.3967,11.1967,55,0.64,0.2067,7.99,20.7767,124.1167,36.39,18.2967
"MT","Cowpea","MT_Cowpea",0.390565487440116,0.574829368318684,9.50845406376273,8.25962719691869,3.20553267128512,8.22805578342904,9.47368421052632,6.48241206030151,3.74708041374708,5.73044297832234,10,0,7.10526315789474,3.71428571428572,4,8.03030303030303,8.9937106918239,8.03030303030303,2.9175,4.37111111111111,0.471428571428571,6.36451147120167,6.86274509803922,7.42308932602386,6.35764411027569,0,1.55555555555556,1.44037630307653,3.67,0,10,7.04986964931461,0,9.93380153700795,5.59406969493868,6.17409019447118,5.59406969493868,7.53464503142279,5.58107164253016,5.58490490055476,71.2,4.995,56.882,90.217,1.1567,0.7367,0.04,3.6667,14.1333,888.4967,22.3967,11.1967,55,0.64,0.2067,7.99,20.7767,124.1167,36.39,18.2967
"MT","Cowpea","MT_Cowpea",0.0547192408625333,0.0336922841837393,9.94794365384259,9.39611543269891,1.3545055019512,7.99835931091058,9.47368421052632,6.48241206030151,3.74708041374708,5.73044297832234,8.57142857142858,0,7.10526315789474,3.71428571428572,4,8.03030303030303,8.9937106918239,8.03030303030303,2.9175,4.37111111111111,0.471428571428571,6.36451147120167,6.86274509803922,7.42308932602386,6.35764411027569,0,1.55555555555556,1.44037630307653,3.67,0,10,7.04986964931461,0,9.93380153700795,5.61735458168868,6.05992148690741,5.61735458168868,7.38651271852728,5.58107164253016,5.57427415632515,70,4.995,56.882,90.217,1.1567,0.7367,0.04,3.6667,14.1333,888.4967,22.3967,11.1967,55,0.64,0.2067,7.99,20.7767,124.1167,36.39,18.2967
"MT","Cowpea","MT_Cowpea",8.18814280841326,9.58849684537726,1.20119849012744,9.52745669720104,1.14058665845238,0,9.47368421052632,6.48241206030151,3.74708041374708,5.73044297832234,7.14285714285715,0,7.10526315789474,3.71428571428572,4,8.03030303030303,8.9937106918239,8.03030303030303,2.9175,4.37111111111111,0.471428571428571,6.36451147120167,6.86274509803922,7.42308932602386,6.35764411027569,0,1.55555555555556,1.44037630307653,3.67,0,10,7.04986964931461,0,9.93380153700795,5.64002261559884,9.01868337628185,5.64002261559884,7.40450423687437,5.58107164253016,5.568606764544,78.4,4.995,56.882,90.217,1.1567,0.7367,0.04,3.6667,14.1333,888.4967,22.3967,11.1967,55,0.64,0.2067,7.99,20.7767,124.1167,36.39,18.2967
"MT","Cowpea","MT_Cowpea",2.5004324953276,3.85696015418046,6.810205669633,8.9302402415531,1.9616152371951,7.52813781788351,6.05263157894737,6.48241206030151,3.74708041374708,5.73044297832234,7.14285714285715,4.1875,7.10526315789474,5.14285714285714,4.8,5.75757575757576,5.84905660377358,5.75757575757576,2.9175,4.37111111111111,0.471428571428571,6.36451147120167,6.86274509803922,7.42308932602386,6.35764411027569,0,1.55555555555556,1.44037630307653,3.67,0,10,7.04986964931461,0,9.93380153700795,5.60669274803743,5.99585208722914,5.60669274803743,7.15720788293327,5.61483359116286,5.57188488134474,67.9,4.995,56.882,90.217,1.1567,0.7367,0.04,3.6667,14.1333,888.4967,22.3967,11.1967,55,0.64,0.2067,7.99,20.7767,124.1167,36.39,18.2967
"MT","Cowpea","MT_Cowpea",0.677251390404565,0.836060949947986,9.24051382577858,9.1179809902238,1.67396626265637,7.52813781788351,6.05263157894737,6.48241206030151,3.74708041374708,5.73044297832234,6.85714285714286,4.1875,7.10526315789474,5.14285714285714,4.8,5.75757575757576,5.84905660377358,5.75757575757576,2.9175,4.37111111111111,0.471428571428571,6.36451147120167,6.86274509803922,7.42308932602386,6.35764411027569,0,1.55555555555556,1.44037630307653,3.67,0,10,7.04986964931461,0,9.93380153700795,5.60669274803743,5.30692591696101,5.60669274803743,7.1405627859366,5.61483359116286,5.54822692349157,65.7,4.995,56.882,90.217,1.1567,0.7367,0.04,3.6667,14.1333,888.4967,22.3967,11.1967,55,0.64,0.2067,7.99,20.7767,124.1167,36.39,18.2967
"MT","Cowpea","MT_Cowpea",2.79892044745268,4.70814919063809,6.22180570320882,9.04690218825794,1.78287040116487,7.52813781788351,6.05263157894737,6.48241206030151,3.74708041374708,5.73044297832234,5.71428571428572,4.1875,7.10526315789474,5.14285714285714,4.8,5.75757575757576,5.84905660377358,5.75757575757576,2.9175,4.37111111111111,0.471428571428571,6.36451147120167,6.86274509803922,7.42308932602386,6.35764411027569,0,1.55555555555556,1.44037630307653,3.67,0,10,7.04986964931461,0,9.93380153700795,5.51868365373989,6.05568323444973,5.51868365373989,6.95928807717924,5.61483359116286,5.56382143699429,66.6,4.995,56.882,90.217,1.1567,0.7367,0.04,3.6667,14.1333,888.4967,22.3967,11.1967,55,0.64,0.2067,7.99,20.7767,124.1167,36.39,18.2967
"MT","Millet","MT_Millet",5.1888866666453,7.58823480055307,3.61291086829168,9.63639268717046,1.16908596031818,9.21246923707957,1.05263157894737,6.88442211055277,4.44488933377822,6.42469368520264,7.14285714285715,3.75,8.15789473684211,1.42857142857143,1.2,6.06060606060606,6.66666666666667,6.06060606060606,10,10,0,9.8941119845981,8.23529411764706,7.72331505965817,10,2.96639079232298,1.52380952380952,6.27129417747267,3,0.651389091986395,5.70820026977027,6.5579009334791,0.739365762264936,4.44733310464773,4.31064931590046,7.54961322215714,4.31064931590046,5.14281689986623,4.32399529445912,4.42273938664696,43,5.035,60.019,93.9,1.44,0.99,0.0367,3.8867,14.8333,897.8067,23.85,14.1967,54,1.02,0.2,11.42,12.7267,118.2667,57.7,9.18
"MT","Millet","MT_Millet",2.1457534876494,4.35222003116462,6.70445158651633,9.71133446750403,1.02917577506773,8.88433141919606,1.05263157894737,6.88442211055277,4.44488933377822,6.42469368520264,7.14285714285715,3.75,8.15789473684211,1.42857142857143,1.2,6.06060606060606,6.66666666666667,6.06060606060606,10,10,0,9.8941119845981,8.23529411764706,7.72331505965817,10,2.96639079232298,1.52380952380952,6.27129417747267,3,0.651389091986395,5.70820026977027,6.5579009334791,0.739365762264936,4.44733310464773,4.36162358823961,6.70162944219387,4.36162358823961,5.18603283861005,4.32399529445912,4.4170190791978,40.4,5.035,60.019,93.9,1.44,0.99,0.0367,3.8867,14.8333,897.8067,23.85,14.1967,54,1.02,0.2,11.42,12.7267,118.2667,57.7,9.18
"MT","Millet","MT_Millet",9.70359256074828,10,0.17111989716045,9.42470147261996,1.56429617432461,0.25430680885972,1.05263157894737,6.88442211055277,4.44488933377822,6.42469368520264,5.71428571428572,3.75,8.15789473684211,1.42857142857143,1.2,6.06060606060606,6.66666666666667,6.06060606060606,10,10,0,9.8941119845981,8.23529411764706,7.72331505965817,10,2.96639079232298,1.52380952380952,6.27129417747267,3,0.651389091986395,5.70820026977027,6.5579009334791,0.739365762264936,4.44733310464773,4.33369538639936,9.0348306991658,4.33369538639936,5.21622771137096,4.32399529445912,4.43965005418018,47.2,5.035,60.019,93.9,1.44,0.99,0.0367,3.8867,14.8333,897.8067,23.85,14.1967,54,1.02,0.2,11.42,12.7267,118.2667,57.7,9.18
"MT","Millet","MT_Millet",8.97448577311077,9.91788751209577,0.673092352306702,9.73992050742508,0.662265914921069,9.31091058244463,9.73684210526316,6.88442211055277,4.44488933377822,6.42469368520264,8.57142857142858,3.95833333333333,10,4.28571428571429,3.2,7.72727272727273,8.30188679245283,7.72727272727273,10,10,0,9.8941119845981,8.23529411764706,7.72331505965817,10,2.96639079232298,1.52380952380952,6.27129417747267,3,0.651389091986395,5.70820026977027,6.5579009334791,0.739365762264936,4.44733310464773,5.83556199525955,9.17356589505071,5.83556199525955,6.36837634034611,5.99318124269859,5.72409104003746,80.8,5.035,60.019,93.9,1.44,0.99,0.0367,3.8867,14.8333,897.8067,23.85,14.1967,54,1.02,0.2,11.42,12.7267,118.2667,57.7,9.18
"MT","Millet","MT_Millet",4.3734880922158,6.87436919243562,4.35942761330887,9.3961154326989,1.16247093911722,4.61853978671042,9.73684210526316,6.88442211055277,4.44488933377822,6.42469368520264,9.28571428571429,3.95833333333333,10,4.28571428571429,3.2,7.72727272727273,8.30188679245283,7.72727272727273,10,10,0,9.8941119845981,8.23529411764706,7.72331505965817,10,2.96639079232298,1.52380952380952,6.27129417747267,3,0.651389091986395,5.70820026977027,6.5579009334791,0.739365762264936,4.44733310464773,5.8462251741457,8.47758364134579,5.8462251741457,6.6692968941064,5.99318124269859,5.75984945429702,80.8,5.035,60.019,93.9,1.44,0.99,0.0367,3.8867,14.8333,897.8067,23.85,14.1967,54,1.02,0.2,11.42,12.7267,118.2667,57.7,9.18
"MT","Millet","MT_Millet",2.79073599030737,4.30149564019697,6.44271847057128,9.24468668068469,1.38278596101036,0,9.73684210526316,6.88442211055277,4.44488933377822,6.42469368520264,7.14285714285715,3.95833333333333,10,4.28571428571429,3.2,7.72727272727273,8.30188679245283,7.72727272727273,10,10,0,9.8941119845981,8.23529411764706,7.72331505965817,10,2.96639079232298,1.52380952380952,6.27129417747267,3,0.651389091986395,5.70820026977027,6.5579009334791,0.739365762264936,4.44733310464773,5.8361111928516,8.04170121671039,5.8361111928516,6.54746031365806,5.99318124269859,5.73185888158119,79,5.035,60.019,93.9,1.44,0.99,0.0367,3.8867,14.8333,897.8067,23.85,14.1967,54,1.02,0.2,11.42,12.7267,118.2667,57.7,9.18
"MT","Millet","MT_Millet",0.484034384820487,0.602308576175252,9.45191715384085,0,10,7.52813781788351,10,6.88442211055277,4.44488933377822,6.42469368520264,10,7.08333333333333,7.10526315789474,8,6.8,6.96969696969697,7.67295597484277,6.96969696969697,10,10,0,9.8941119845981,8.23529411764706,7.72331505965817,10,2.96639079232298,1.52380952380952,6.27129417747267,3,0.651389091986395,5.70820026977027,6.5579009334791,0.739365762264936,4.44733310464773,6.2129111553147,5.54502763816559,6.2129111553147,7.33907856649762,6.13154366476297,6.24214137894442,80.2,5.035,60.019,93.9,1.44,0.99,0.0367,3.8867,14.8333,897.8067,23.85,14.1967,54,1.02,0.2,11.42,12.7267,118.2667,57.7,9.18
"MT","Millet","MT_Millet",0.456259886446017,1.17314192228273,9.15939705594998,0,10,7.52813781788351,10,6.88442211055277,4.44488933377822,6.42469368520264,10,7.08333333333333,7.10526315789474,8,6.8,6.96969696969697,7.67295597484277,6.96969696969697,10,10,0,9.8941119845981,8.23529411764706,7.72331505965817,10,2.96639079232298,1.52380952380952,6.27129417747267,3,0.651389091986395,5.70820026977027,6.5579009334791,0.739365762264936,4.44733310464773,6.0458679317031,5.62370062672652,6.0458679317031,7.33933786841547,6.13154366476297,6.2369107883548,79.2,5.035,60.019,93.9,1.44,0.99,0.0367,3.8867,14.8333,897.8067,23.85,14.1967,54,1.02,0.2,11.42,12.7267,118.2667,57.7,9.18
"MT","Millet","MT_Millet",0.928175696620738,2.03131935857752,8.48960035428889,0,10,7.52813781788351,10,6.88442211055277,4.44488933377822,6.42469368520264,10,7.08333333333333,7.10526315789474,8,6.8,6.96969696969697,7.67295597484277,6.96969696969697,10,10,0,9.8941119845981,8.23529411764706,7.72331505965817,10,2.96639079232298,1.52380952380952,6.27129417747267,3,0.651389091986395,5.70820026977027,6.5579009334791,0.739365762264936,4.44733310464773,6.47793252995766,5.81153705351468,6.47793252995766,7.33493207598703,6.13154366476297,6.28929422584551,81.4,5.035,60.019,93.9,1.44,0.99,0.0367,3.8867,14.8333,897.8067,23.85,14.1967,54,1.02,0.2,11.42,12.7267,118.2667,57.7,9.18
"MT","Pigeon pea","MT_Pigeon pea",1.73520132270549,3.45706264855997,7.36652473085602,9.73992050742508,0.647568630974568,6.16078753076292,8.1578947368421,0,1.60226893560227,6.2205466540999,10,8.54166666666667,6.05263157894737,5.71428571428572,4.8,8.18181818181818,9.30817610062893,8.18181818181818,6.5,8.81555555555556,1.9,8.66356489651853,10,10,6.61654135338346,3.82001918266046,2.76190476190476,2.03407068395627,4,0.760909817743991,1.83225194197273,4.59787234042553,2.41436055790715,8.96688271437771,7.15815639427058,7.76764320664727,7.15815639427058,9.29832326516096,7.15300627287223,6.96860871223782,101.8,4.35,47.24,92.817,1.3,0.9367,0.05,3.81,15.7333,968.4067,22.5,15.06,93,0.6867,0.21,11.9967,5.4567,94.96,105.9767,16.69
"MT","Pigeon pea","MT_Pigeon pea",3.10531293104003,5.54605849247097,5.63696045200116,9.7368301247309,0.652005171509349,9.63904840032814,8.1578947368421,0,1.60226893560227,6.2205466540999,10,8.54166666666667,6.05263157894737,5.71428571428572,4.8,8.18181818181818,9.30817610062893,8.18181818181818,6.5,8.81555555555556,1.9,8.66356489651853,10,10,6.61654135338346,3.82001918266046,2.76190476190476,2.03407068395627,4,0.760909817743991,1.83225194197273,4.59787234042553,2.41436055790715,8.96688271437771,7.15983110682845,8.00268045716348,7.15983110682845,9.16005983647667,7.15300627287223,7.01456509995494,101.8,4.35,47.24,92.817,1.3,0.9367,0.05,3.81,15.7333,968.4067,22.5,15.06,93,0.6867,0.21,11.9967,5.4567,94.96,105.9767,16.69
"MT","Pigeon pea","MT_Pigeon pea",0.695215365731276,1.05083120973219,9.1177320046646,9.66420613141797,0.756263874076715,10,8.1578947368421,0,1.60226893560227,6.2205466540999,10,8.54166666666667,6.05263157894737,5.71428571428572,4.8,8.18181818181818,9.30817610062893,8.18181818181818,6.5,8.81555555555556,1.9,8.66356489651853,10,10,6.61654135338346,3.82001918266046,2.76190476190476,2.03407068395627,4,0.760909817743991,1.83225194197273,4.59787234042553,2.41436055790715,8.96688271437771,7.20193720364288,6.99465852530231,7.20193720364288,9.16733094836011,7.15300627287223,6.95614509989002,97.8,4.35,47.24,92.817,1.3,0.9367,0.05,3.81,15.7333,968.4067,22.5,15.06,93,0.6867,0.21,11.9967,5.4567,94.96,105.9767,16.69
"MT","Pigeon pea","MT_Pigeon pea",0.350042120952656,0.416610124256686,9.61112687388607,9.43242742935538,1.15091205996606,7.52813781788351,8.42105263157895,0,1.60226893560227,6.2205466540999,10,10,6.31578947368421,7.42857142857143,7,10,10,10,6.5,8.81555555555556,1.9,8.66356489651853,10,10,6.61654135338346,3.82001918266046,2.76190476190476,2.03407068395627,4,0.760909817743991,1.83225194197273,4.59787234042553,2.41436055790715,8.96688271437771,6.23581434743753,7.09761708060559,6.23581434743753,9.99747115590616,6.22971537086117,6.24038489146669,89.6,4.35,47.24,92.817,1.3,0.9367,0.05,3.81,15.7333,968.4067,22.5,15.06,93,0.6867,0.21,11.9967,5.4567,94.96,105.9767,16.69
"MT","Pigeon pea","MT_Pigeon pea",0.652535304592343,1.08542951712271,9.11836115396674,9.60085328618752,0.899362201124019,7.52813781788351,8.42105263157895,0,1.60226893560227,6.2205466540999,10,10,6.31578947368421,7.42857142857143,7,10,10,10,6.5,8.81555555555556,1.9,8.66356489651853,10,10,6.61654135338346,3.82001918266046,2.76190476190476,2.03407068395627,4,0.760909817743991,1.83225194197273,4.59787234042553,2.41436055790715,8.96688271437771,6.20796130273694,7.25022507804292,6.20796130273694,10,6.22971537086117,6.28527267978449,90.6,4.35,47.24,92.817,1.3,0.9367,0.05,3.81,15.7333,968.4067,22.5,15.06,93,0.6867,0.21,11.9967,5.4567,94.96,105.9767,16.69
"MT","Pigeon pea","MT_Pigeon pea",0.705342128561149,1.67065273848943,8.78206812437153,9.38375390192224,1.22360766137454,7.52813781788351,8.42105263157895,0,1.60226893560227,6.2205466540999,7.14285714285715,10,6.31578947368421,7.42857142857143,7,10,10,10,6.5,8.81555555555556,1.9,8.66356489651853,10,10,6.61654135338346,3.82001918266046,2.76190476190476,2.03407068395627,4,0.760909817743991,1.83225194197273,4.59787234042553,2.41436055790715,8.96688271437771,6.20064318619558,7.09428142780691,6.20064318619558,9.59473359941021,6.22971537086117,6.25249237768031,89,4.35,47.24,92.817,1.3,0.9367,0.05,3.81,15.7333,968.4067,22.5,15.06,93,0.6867,0.21,11.9967,5.4567,94.96,105.9767,16.69
"MT","Pigeon pea","MT_Pigeon pea",5.25380280391877,7.41501252216046,3.67638157817291,9.68661140595068,0.608768796095835,7.52813781788351,6.31578947368421,0,1.60226893560227,6.2205466540999,9.28571428571429,5.83333333333333,3.68421052631579,6.28571428571429,6.4,10,9.37106918238994,10,6.5,8.81555555555556,1.9,8.66356489651853,10,10,6.61654135338346,3.82001918266046,2.76190476190476,2.03407068395627,4,0.760909817743991,1.83225194197273,4.59787234042553,2.41436055790715,8.96688271437771,5.90254384098549,8.51453236463992,5.90254384098549,9.17474842529554,5.90844665907982,6.02728613331443,86.8,4.35,47.24,92.817,1.3,0.9367,0.05,3.81,15.7333,968.4067,22.5,15.06,93,0.6867,0.21,11.9967,5.4567,94.96,105.9767,16.69
"MT","Pigeon pea","MT_Pigeon pea",8.3205374064622,9.66475447093811,1.10117110348819,9.66652391843859,0.634761353085487,7.52813781788351,6.31578947368421,0,1.60226893560227,6.2205466540999,10,5.83333333333333,3.68421052631579,6.28571428571429,6.4,10,9.37106918238994,10,6.5,8.81555555555556,1.9,8.66356489651853,10,10,6.61654135338346,3.82001918266046,2.76190476190476,2.03407068395627,4,0.760909817743991,1.83225194197273,4.59787234042553,2.41436055790715,8.96688271437771,5.90618337692156,9.31010584621007,5.90618337692156,9.24503275067174,5.90844665907982,6.01698327276555,88.8,4.35,47.24,92.817,1.3,0.9367,0.05,3.81,15.7333,968.4067,22.5,15.06,93,0.6867,0.21,11.9967,5.4567,94.96,105.9767,16.69
"MT","Pigeon pea","MT_Pigeon pea",4.29769607404732,6.48748840846979,4.6000526861772,9.63639268717046,0.67375018856996,7.52813781788351,6.31578947368421,0,1.60226893560227,6.2205466540999,10,5.83333333333333,3.68421052631579,6.28571428571429,6.4,10,9.37106918238994,10,6.5,8.81555555555556,1.9,8.66356489651853,10,10,6.61654135338346,3.82001918266046,2.76190476190476,2.03407068395627,4,0.760909817743991,1.83225194197273,4.59787234042553,2.41436055790715,8.96688271437771,5.91159970662058,8.30401646407876,5.91159970662058,9.28176020994116,5.90844665907982,6.02366110249253,86.8,4.35,47.24,92.817,1.3,0.9367,0.05,3.81,15.7333,968.4067,22.5,15.06,93,0.6867,0.21,11.9967,5.4567,94.96,105.9767,16.69
"MT","Sunn hemp","MT_Sunn hemp",1.24789259501538,2.56697512332969,8.06026200150188,8.69846153949052,1.19118411008952,9.83593109105824,5,3.5678391959799,0,10,4.28571428571428,3.33333333333334,8.94736842105263,2.57142857142857,4.4,6.21212121212121,8.05031446540881,6.21212121212121,5.5825,8.88888888888889,0,7.8613829616557,7.58176470588235,7.85295066107707,7.83634085213032,2.18850424688282,0.952380952380952,2.45741164505467,7.33,1.01664175688944,2.05969067053373,6.00509629131276,1.88386302130317,3.5325907069394,4.44806938826004,6.09072980947638,4.44806938826004,6.14421499115135,4.43426397088986,4.53223488304056,44.1,4.705,40.037,112.867,1.2633,0.94,0.0367,3.76,14.5,901.8267,22.9867,13.41,36,0.72,0.2433,13.3433,5.8833,111.6933,90.6867,7.66
"MT","Sunn hemp","MT_Sunn hemp",1.17587114049973,2.31140396807507,8.22904865722348,9.12879732965339,0.800564621322563,9.60623461853979,5,3.5678391959799,0,10,5,3.33333333333334,8.94736842105263,2.57142857142857,4.4,6.21212121212121,8.05031446540881,6.21212121212121,5.5825,8.88888888888889,0,7.8613829616557,7.58176470588235,7.85295066107707,7.83634085213032,2.18850424688282,0.952380952380952,2.45741164505467,7.33,1.01664175688944,2.05969067053373,6.00509629131276,1.88386302130317,3.5325907069394,4.44809929390419,6.14753791108336,4.44809929390419,6.26094770172864,4.43426397088986,4.51108290964526,44.6,4.705,40.037,112.867,1.2633,0.94,0.0367,3.76,14.5,901.8267,22.9867,13.41,36,0.72,0.2433,13.3433,5.8833,111.6933,90.6867,7.66
"MT","Sunn hemp","MT_Sunn hemp",0.617884007153555,0.895756826275738,9.23520783587464,9.93847759552536,0.0656108973947821,0,5,3.5678391959799,0,10,4.28571428571428,3.33333333333334,8.94736842105263,2.57142857142857,4.4,6.21212121212121,8.05031446540881,6.21212121212121,5.5825,8.88888888888889,0,7.8613829616557,7.58176470588235,7.85295066107707,7.83634085213032,2.18850424688282,0.952380952380952,2.45741164505467,7.33,1.01664175688944,2.05969067053373,6.00509629131276,1.88386302130317,3.5325907069394,4.44806938826004,6.56224269764918,4.44806938826004,6.52859546006082,4.43426397088986,4.51848116830967,46.5,4.705,40.037,112.867,1.2633,0.94,0.0367,3.76,14.5,901.8267,22.9867,13.41,36,0.72,0.2433,13.3433,5.8833,111.6933,90.6867,7.66
"MT","Sunn hemp","MT_Sunn hemp",5.2700168097826,7.59332079369246,3.57386260618206,9.61166962561711,0.780162503302749,8.88433141919606,8.68421052631579,3.5678391959799,0,10,10,8.125,8.42105263157895,6,6.6,9.09090909090909,10,9.09090909090909,5.5825,8.88888888888889,0,7.8613829616557,7.58176470588235,7.85295066107707,7.83634085213032,2.18850424688282,0.952380952380952,2.45741164505467,7.33,1.01664175688944,2.05969067053373,6.00509629131276,1.88386302130317,3.5325907069394,7.0998470961627,8.34432832370561,7.0998470961627,8.14974740336159,7.04849839976264,6.96195566235816,97.4,4.705,40.037,112.867,1.2633,0.94,0.0367,3.76,14.5,901.8267,22.9867,13.41,36,0.72,0.2433,13.3433,5.8833,111.6933,90.6867,7.66
"MT","Sunn hemp","MT_Sunn hemp",3.98230582739878,5.61959240089373,5.2049471367356,9.75537242089592,0.582189342488357,10,8.68421052631579,3.5678391959799,0,10,7.14285714285715,8.125,8.42105263157895,6,6.6,9.09090909090909,10,9.09090909090909,5.5825,8.88888888888889,0,7.8613829616557,7.58176470588235,7.85295066107707,7.83634085213032,2.18850424688282,0.952380952380952,2.45741164505467,7.33,1.01664175688944,2.05969067053373,6.00509629131276,1.88386302130317,3.5325907069394,7.03279644676042,7.58820041954861,7.03279644676042,7.72789321899949,7.04849839976264,6.96536879978295,95,4.705,40.037,112.867,1.2633,0.94,0.0367,3.76,14.5,901.8267,22.9867,13.41,36,0.72,0.2433,13.3433,5.8833,111.6933,90.6867,7.66
"MT","Sunn hemp","MT_Sunn hemp",0.702022086507372,1.42731249313221,8.91355522021644,9.8194978617999,0.493846480404513,0,8.68421052631579,3.5678391959799,0,10,9.28571428571429,8.125,8.42105263157895,6,6.6,9.09090909090909,10,9.09090909090909,5.5825,8.88888888888889,0,7.8613829616557,7.58176470588235,7.85295066107707,7.83634085213032,2.18850424688282,0.952380952380952,2.45741164505467,7.33,1.01664175688944,2.05969067053373,6.00509629131276,1.88386302130317,3.5325907069394,7.03466337297665,7.4394282267495,7.03466337297665,8.41926380408581,7.04849839976264,6.89770680032991,93.4,4.705,40.037,112.867,1.2633,0.94,0.0367,3.76,14.5,901.8267,22.9867,13.41,36,0.72,0.2433,13.3433,5.8833,111.6933,90.6867,7.66
"MT","Sunn hemp","MT_Sunn hemp",0.582862125607635,0.997244334047125,9.1966731466705,8.91015275404102,1.57251770067438,10,7.36842105263158,3.5678391959799,0,10,7.14285714285715,5.02916666666666,5.78947368421053,7.42857142857143,3.4,1.81818181818182,2.20125786163522,1.81818181818182,5.5825,8.88888888888889,0,7.8613829616557,7.58176470588235,7.85295066107707,7.83634085213032,2.18850424688282,0.952380952380952,2.45741164505467,7.33,1.01664175688944,2.05969067053373,6.00509629131276,1.88386302130317,3.5325907069394,5.26788616463407,4.72752533742733,5.26788616463407,5.90808493438805,5.2466417917391,5.2493595983496,56.2,4.705,40.037,112.867,1.2633,0.94,0.0367,3.76,14.5,901.8267,22.9867,13.41,36,0.72,0.2433,13.3433,5.8833,111.6933,90.6867,7.66
"MT","Sunn hemp","MT_Sunn hemp",10,0.563889319624172,0,8.97582338629208,1.4892330916442,5.07793273174733,7.36842105263158,3.5678391959799,0,10,6.42857142857143,5.02916666666666,5.78947368421053,7.42857142857143,3.4,1.81818181818182,2.20125786163522,1.81818181818182,5.5825,8.88888888888889,0,7.8613829616557,7.58176470588235,7.85295066107707,7.83634085213032,2.18850424688282,0.952380952380952,2.45741164505467,7.33,1.01664175688944,2.05969067053373,6.00509629131276,1.88386302130317,3.5325907069394,5.26758811168121,6.74113706319287,5.26758811168121,5.75234968114758,5.2466417917391,5.2598186135235,62,4.705,40.037,112.867,1.2633,0.94,0.0367,3.76,14.5,901.8267,22.9867,13.41,36,0.72,0.2433,13.3433,5.8833,111.6933,90.6867,7.66
"MT","Sunn hemp","MT_Sunn hemp",1.07460535268275,2.48697238670394,8.1806024195912,9.02526950939877,1.42652468013913,8.03117309269893,7.36842105263158,3.5678391959799,0,10,6.42857142857143,5.02916666666666,5.78947368421053,7.42857142857143,3.4,1.81818181818182,2.20125786163522,1.81818181818182,5.5825,8.88888888888889,0,7.8613829616557,7.58176470588235,7.85295066107707,7.83634085213032,2.18850424688282,0.952380952380952,2.45741164505467,7.33,1.01664175688944,2.05969067053373,6.00509629131276,1.88386302130317,3.5325907069394,5.26732202024285,5.10418722318871,5.26732202024285,5.87810084735882,5.2466417917391,5.25871471940656,56.8,4.705,40.037,112.867,1.2633,0.94,0.0367,3.76,14.5,901.8267,22.9867,13.41,36,0.72,0.2433,13.3433,5.8833,111.6933,90.6867,7.66
"NT","Cowpea","NT_Cowpea",0.0961767607419286,0.104878438793735,9.89134844710872,9.94904495934092,0.0382546869693193,7.57178014766202,5.26315789473684,4.57286432160804,4.76587698809921,0.813383600377004,5.71428571428572,7.5,2.36842105263158,4.28571428571429,2.6,7.12121212121212,6.33962264150943,7.12121212121212,8.9175,3.26,0.942857142857142,2.83491095780523,3.98705882352941,0.307749113189295,2.0719298245614,9.0540179763282,10,2.11797609966946,1.67,1.6496856050607,0.783719950737603,1.51402741569254,2.21069669002845,3.83951085353891,5.24521674463874,4.90930109734327,5.24521674463874,4.16705049653683,5.238526397311,5.16001933273925,50.2,4.805,61.462,64.132,1.3967,0.6867,0.0433,3.4467,12.6667,667.85,20.6867,20.3533,321,0.6933,0.1867,16.6767,3.49,58.29,100.1067,8.17
"NT","Cowpea","NT_Cowpea",0.26521366328972,0.520842325660723,9.59342992700618,9.98353760224861,0.00805567680152719,8.72026251025431,5.26315789473684,4.57286432160804,4.76587698809921,0.813383600377004,7.14285714285715,7.5,2.36842105263158,4.28571428571429,2.6,7.12121212121212,6.33962264150943,7.12121212121212,8.9175,3.26,0.942857142857142,2.83491095780523,3.98705882352941,0.307749113189295,2.0719298245614,9.0540179763282,10,2.11797609966946,1.67,1.6496856050607,0.783719950737603,1.51402741569254,2.21069669002845,3.83951085353891,5.24521674463874,5.02553160304358,5.24521674463874,4.32365347479952,5.238526397311,5.18735237742115,51,4.805,61.462,64.132,1.3967,0.6867,0.0433,3.4467,12.6667,667.85,20.6867,20.3533,321,0.6933,0.1867,16.6767,3.49,58.29,100.1067,8.17
"NT","Cowpea","NT_Cowpea",3.56307527588974,5.98483996467558,5.19755693412853,10,0,9.08121410992617,5.26315789473684,4.57286432160804,4.76587698809921,0.813383600377004,5,7.5,2.36842105263158,4.28571428571429,2.6,7.12121212121212,6.33962264150943,7.12121212121212,8.9175,3.26,0.942857142857142,2.83491095780523,3.98705882352941,0.307749113189295,2.0719298245614,9.0540179763282,10,2.11797609966946,1.67,1.6496856050607,0.783719950737603,1.51402741569254,2.21069669002845,3.83951085353891,5.24521674463874,6.06479969961829,5.24521674463874,3.98162010547983,5.238526397311,5.21618020815699,53.6,4.805,61.462,64.132,1.3967,0.6867,0.0433,3.4467,12.6667,667.85,20.6867,20.3533,321,0.6933,0.1867,16.6767,3.49,58.29,100.1067,8.17
"NT","Cowpea","NT_Cowpea",0.0038898244342837,0.121708041726443,9.92368483977155,9.58922397991755,0.400239078900369,6.84987694831829,3.15789473684211,4.57286432160804,4.76587698809921,0.813383600377004,4.28571428571428,5.20833333333333,0,3.42857142857143,3.2,5.75757575757576,4.15723270440252,5.75757575757576,8.9175,3.26,0.942857142857142,2.83491095780523,3.98705882352941,0.307749113189295,2.0719298245614,9.0540179763282,10,2.11797609966946,1.67,1.6496856050607,0.783719950737603,1.51402741569254,2.21069669002845,3.83951085353891,4.1914925940812,4.24945116109805,4.1914925940812,3.36769275721743,4.2256131588671,4.19997524772121,27.2,4.805,61.462,64.132,1.3967,0.6867,0.0433,3.4467,12.6667,667.85,20.6867,20.3533,321,0.6933,0.1867,16.6767,3.49,58.29,100.1067,8.17
"NT","Cowpea","NT_Cowpea",0.154573705058241,0.0420780412730279,9.89874754948396,9.35012725067109,0.621886894169327,8.42493847415915,3.15789473684211,4.57286432160804,4.76587698809921,0.813383600377004,7.14285714285715,5.20833333333333,0,3.42857142857143,3.2,5.75757575757576,4.15723270440252,5.75757575757576,8.9175,3.26,0.942857142857142,2.83491095780523,3.98705882352941,0.307749113189295,2.0719298245614,9.0540179763282,10,2.11797609966946,1.67,1.6496856050607,0.783719950737603,1.51402741569254,2.21069669002845,3.83951085353891,4.18746952945705,4.35577415660275,4.18746952945705,3.702668109269,4.2256131588671,4.21202070754674,28.8,4.805,61.462,64.132,1.3967,0.6867,0.0433,3.4467,12.6667,667.85,20.6867,20.3533,321,0.6933,0.1867,16.6767,3.49,58.29,100.1067,8.17
"NT","Cowpea","NT_Cowpea",0.196104728302475,0.233367535776622,9.77795628528093,9.85340626764234,0.155336410881883,8.91714520098441,3.15789473684211,4.57286432160804,4.76587698809921,0.813383600377004,5.71428571428572,5.20833333333333,0,3.42857142857143,3.2,5.75757575757576,4.15723270440252,5.75757575757576,8.9175,3.26,0.942857142857142,2.83491095780523,3.98705882352941,0.307749113189295,2.0719298245614,9.0540179763282,10,2.11797609966946,1.67,1.6496856050607,0.783719950737603,1.51402741569254,2.21069669002845,3.83951085353891,4.14567147398812,4.27444621684156,4.14567147398812,3.49552954392199,4.2256131588671,4.23029595823048,28.2,4.805,61.462,64.132,1.3967,0.6867,0.0433,3.4467,12.6667,667.85,20.6867,20.3533,321,0.6933,0.1867,16.6767,3.49,58.29,100.1067,8.17
"NT","Cowpea","NT_Cowpea",0.835271497339045,1.56686749777689,8.77932950196502,9.43400708683296,0.647155350705112,7.52813781788351,5.52631578947368,4.57286432160804,4.76587698809921,0.813383600377004,8.57142857142858,4.16666666666667,0.263157894736841,0.857142857142857,0.199999999999999,5.3030303030303,5.28930817610063,5.3030303030303,8.9175,3.26,0.942857142857142,2.83491095780523,3.98705882352941,0.307749113189295,2.0719298245614,9.0540179763282,10,2.11797609966946,1.67,1.6496856050607,0.783719950737603,1.51402741569254,2.21069669002845,3.83951085353891,3.88916825523419,5.37495723594992,3.88916825523419,3.270203773374,3.84458294804477,3.93553764694637,26.2,4.805,61.462,64.132,1.3967,0.6867,0.0433,3.4467,12.6667,667.85,20.6867,20.3533,321,0.6933,0.1867,16.6767,3.49,58.29,100.1067,8.17
"NT","Cowpea","NT_Cowpea",0.221553791149322,0.286357388155348,9.7382509398643,9.6346915546595,0.441737484750929,7.52813781788351,5.52631578947368,4.57286432160804,4.76587698809921,0.813383600377004,8.57142857142858,4.16666666666667,0.263157894736841,0.857142857142857,0.199999999999999,5.3030303030303,5.28930817610063,5.3030303030303,8.9175,3.26,0.942857142857142,2.83491095780523,3.98705882352941,0.307749113189295,2.0719298245614,9.0540179763282,10,2.11797609966946,1.67,1.6496856050607,0.783719950737603,1.51402741569254,2.21069669002845,3.83951085353891,3.94801190944643,5.12162062375636,3.94801190944643,3.28030465986876,3.84458294804477,4.00067098388011,26.6,4.805,61.462,64.132,1.3967,0.6867,0.0433,3.4467,12.6667,667.85,20.6867,20.3533,321,0.6933,0.1867,16.6767,3.49,58.29,100.1067,8.17
"NT","Cowpea","NT_Cowpea",0.534428077974004,0.654640089340504,9.40139297738341,9.1369000036054,0.951270081941965,7.52813781788351,5.52631578947368,4.57286432160804,4.76587698809921,0.813383600377004,7.85714285714286,4.16666666666667,0.263157894736841,0.857142857142857,0.199999999999999,5.3030303030303,5.28930817610063,5.3030303030303,8.9175,3.26,0.942857142857142,2.83491095780523,3.98705882352941,0.307749113189295,2.0719298245614,9.0540179763282,10,2.11797609966946,1.67,1.6496856050607,0.783719950737603,1.51402741569254,2.21069669002845,3.83951085353891,3.95738821724076,5.12368260426042,3.95738821724076,3.16707257524832,3.84458294804477,3.96634728537046,26.2,4.805,61.462,64.132,1.3967,0.6867,0.0433,3.4467,12.6667,667.85,20.6867,20.3533,321,0.6933,0.1867,16.6767,3.49,58.29,100.1067,8.17
"NT","Millet","NT_Millet",0.463804574330764,1.24759718288905,9.1162420031201,9.72327493303606,0.210889670227984,5.17637407711239,6.57894736842105,10,1.98932265598932,5.30933081998115,7.14285714285715,5,0,0,0,5,5.30817610062893,5,4.25,3.26,7.14285714285714,4.22429006898765,4.77137254901961,5.30323444050306,2.49799498746867,10,4.85714285714286,0,1.33,10,0,7.3758809183416,10,10,3.83592219901143,9.31183331102127,3.83592219901143,3.42498082140639,3.81536828585559,3.95069654932233,37.4,5.345,48.98,87.983,1.21,0.6867,0.0867,3.5333,13.0667,822.76,20.8567,21.31,159,0.5267,0.1833,60.6467,2.02,127.9933,324.61,18.4067
"NT","Millet","NT_Millet",0.393691786734288,0.508563008468211,9.54245572726517,8.03078365945208,1.63822186386878,6.55455291222313,6.57894736842105,10,1.98932265598932,5.30933081998115,7.85714285714286,5,0,0,0,5,5.30817610062893,5,4.25,3.26,7.14285714285714,4.22429006898765,4.77137254901961,5.30323444050306,2.49799498746867,10,4.85714285714286,0,1.33,10,0,7.3758809183416,10,10,4.05432798556413,9.03946874872486,4.05432798556413,3.44505258632867,3.81536828585559,4.0928918315826,38.6,5.345,48.98,87.983,1.21,0.6867,0.0867,3.5333,13.0667,822.76,20.8567,21.31,159,0.5267,0.1833,60.6467,2.02,127.9933,324.61,18.4067
"NT","Millet","NT_Millet",0.635251033676508,1.08656224782825,9.12549613863522,10,0,6.88269073010664,6.57894736842105,10,1.98932265598932,5.30933081998115,10,5,0,0,0,5,5.30817610062893,5,4.25,3.26,7.14285714285714,4.22429006898765,4.77137254901961,5.30323444050306,2.49799498746867,10,4.85714285714286,0,1.33,10,0,7.3758809183416,10,10,3.75,9.4341769374393,3.75,3.76423537937378,3.81536828585559,3.97884663063723,38.8,5.345,48.98,87.983,1.21,0.6867,0.0867,3.5333,13.0667,822.76,20.8567,21.31,159,0.5267,0.1833,60.6467,2.02,127.9933,324.61,18.4067
"NT","Millet","NT_Millet",1.87061933280756,3.53054976326412,7.26662351779083,9.66212888424516,0.338054552949914,7.60459392945037,9.47368421052632,10,1.98932265598932,5.30933081998115,4.28571428571428,4.58333333333333,1.05263157894737,4.28571428571429,3.8,4.6969696969697,5.05660377358491,4.6969696969697,4.25,3.26,7.14285714285714,4.22429006898765,4.77137254901961,5.30323444050306,2.49799498746867,10,4.85714285714286,0,1.33,10,0,7.3758809183416,10,10,4.96450843252256,9.05822239027006,4.96450843252256,4.09722557083632,4.92950122407477,4.86706695284592,58,5.345,48.98,87.983,1.21,0.6867,0.0867,3.5333,13.0667,822.76,20.8567,21.31,159,0.5267,0.1833,60.6467,2.02,127.9933,324.61,18.4067
"NT","Millet","NT_Millet",4.67580717367337,7.43295226572765,3.92563171460908,10,0,9.54060705496308,9.47368421052632,10,1.98932265598932,5.30933081998115,5.71428571428572,4.58333333333333,1.05263157894737,4.28571428571429,3.8,4.6969696969697,5.05660377358491,4.6969696969697,4.25,3.26,7.14285714285714,4.22429006898765,4.77137254901961,5.30323444050306,2.49799498746867,10,4.85714285714286,0,1.33,10,0,7.3758809183416,10,10,5.03751431521973,10,5.03751431521973,4.20738119771524,4.92950122407477,4.95873580275675,61.2,5.345,48.98,87.983,1.21,0.6867,0.0867,3.5333,13.0667,822.76,20.8567,21.31,159,0.5267,0.1833,60.6467,2.02,127.9933,324.61,18.4067
"NT","Millet","NT_Millet",0.462683397309418,0.918508254976713,9.29255417537741,9.98588937335595,0.0358373531006095,6.88269073010664,9.47368421052632,10,1.98932265598932,5.30933081998115,7.14285714285715,4.58333333333333,1.05263157894737,4.28571428571429,3.8,4.6969696969697,5.05660377358491,4.6969696969697,4.25,3.26,7.14285714285714,4.22429006898765,4.77137254901961,5.30323444050306,2.49799498746867,10,4.85714285714286,0,1.33,10,0,7.3758809183416,10,10,4.7225604846276,8.7935268953153,4.7225604846276,4.54069644883893,4.92950122407477,4.7654470406884,56.6,5.345,48.98,87.983,1.21,0.6867,0.0867,3.5333,13.0667,822.76,20.8567,21.31,159,0.5267,0.1833,60.6467,2.02,127.9933,324.61,18.4067
"NT","Millet","NT_Millet",1.31756334447459,2.50166884149886,8.06395126944678,10,0,7.52813781788351,8.94736842105263,10,1.98932265598932,5.30933081998115,8.57142857142858,9.58333333333334,3.1578947368421,9.42857142857143,5.8,5,4.45911949685535,5,4.25,3.26,7.14285714285714,4.22429006898765,4.77137254901961,5.30323444050306,2.49799498746867,10,4.85714285714286,0,1.33,10,0,7.3758809183416,10,10,7.11865567234846,8.82657417642928,7.11865567234846,5.95448302886017,7.12515657026079,6.93529463992882,93,5.345,48.98,87.983,1.21,0.6867,0.0867,3.5333,13.0667,822.76,20.8567,21.31,159,0.5267,0.1833,60.6467,2.02,127.9933,324.61,18.4067
"NT","Millet","NT_Millet",2.12025803368797,4.14365720018982,6.82728989202044,8.64224414736107,1.17041981732572,7.52813781788351,8.94736842105263,10,1.98932265598932,5.30933081998115,4.28571428571428,9.58333333333334,3.1578947368421,9.42857142857143,5.8,5,4.45911949685535,5,4.25,3.26,7.14285714285714,4.22429006898765,4.77137254901961,5.30323444050306,2.49799498746867,10,4.85714285714286,0,1.33,10,0,7.3758809183416,10,10,7.15427938096555,8.73826909771899,7.15427938096555,5.32527256760224,7.12515657026079,7.02195862602824,94.2,5.345,48.98,87.983,1.21,0.6867,0.0867,3.5333,13.0667,822.76,20.8567,21.31,159,0.5267,0.1833,60.6467,2.02,127.9933,324.61,18.4067
"NT","Millet","NT_Millet",0.412511825161883,0.578124291539066,9.49686594564742,8.07154769197934,1.66640222362428,7.52813781788351,8.94736842105263,10,1.98932265598932,5.30933081998115,5,9.58333333333334,3.1578947368421,9.42857142857143,5.8,5,4.45911949685535,5,4.25,3.26,7.14285714285714,4.22429006898765,4.77137254901961,5.30323444050306,2.49799498746867,10,4.85714285714286,0,1.33,10,0,7.3758809183416,10,10,7.14706621968724,8.01041663115483,7.14706621968724,5.43013005386157,7.12515657026079,6.95304291964614,91,5.345,48.98,87.983,1.21,0.6867,0.0867,3.5333,13.0667,822.76,20.8567,21.31,159,0.5267,0.1833,60.6467,2.02,127.9933,324.61,18.4067
"NT","Pigeon pea","NT_Pigeon pea",10,10,0,9.59080954243148,0.469077453652034,9.96718621821165,3.15789473684211,0.603015075376889,4.51518184851518,8.98209236569274,2.85714285714286,8.125,4.21052631578947,10,10,6.36363636363636,5.34591194968553,6.36363636363636,4.1675,2.96222222222222,6.18571428571428,10,6.47058823529412,6.31462753950339,7.34335839598997,6.44695598864861,1.61904761904762,2.96592931604373,1.33,1.36607497241567,0.598879333784727,0.776494828021193,2.10452779127056,8.04612227457919,7.03092556946604,7.17838326533137,7.03092556946604,7.61200056547585,7.05013825743363,6.9452759169174,93,4.41,60.335,107.467,1.2067,0.6733,0.08,3.8933,13.9333,854.1233,22.79,17.7167,57,0.76,0.1833,15.1833,3.1433,49.52,97.0467,15.16
"NT","Pigeon pea","NT_Pigeon pea",10,10,0,9.49268989189165,0.567616401045633,9.67186218211649,3.15789473684211,0.603015075376889,4.51518184851518,8.98209236569274,0.714285714285712,8.125,4.21052631578947,10,10,6.36363636363636,5.34591194968553,6.36363636363636,4.1675,2.96222222222222,6.18571428571428,10,6.47058823529412,6.31462753950339,7.34335839598997,6.44695598864861,1.61904761904762,2.96592931604373,1.33,1.36607497241567,0.598879333784727,0.776494828021193,2.10452779127056,8.04612227457919,7.04690654668004,7.02150754564357,7.04690654668004,7.3221438024307,7.05013825743363,6.93898112670945,90.4,4.41,60.335,107.467,1.2067,0.6733,0.08,3.8933,13.9333,854.1233,22.79,17.7167,57,0.76,0.1833,15.1833,3.1433,49.52,97.0467,15.16
"NT","Pigeon pea","NT_Pigeon pea",2.17523341997196,3.99255060135576,6.8833972814243,9.59389992512565,0.465973864757746,8.06398687448728,3.15789473684211,0.603015075376889,4.51518184851518,8.98209236569274,1.42857142857143,8.125,4.21052631578947,10,10,6.36363636363636,5.34591194968553,6.36363636363636,4.1675,2.96222222222222,6.18571428571428,10,6.47058823529412,6.31462753950339,7.34335839598997,6.44695598864861,1.61904761904762,2.96592931604373,1.33,1.36607497241567,0.598879333784727,0.776494828021193,2.10452779127056,8.04612227457919,7.06722822797324,5.25899446825921,7.06722822797324,7.56956747452936,7.05013825743363,6.90792217460915,86.4,4.41,60.335,107.467,1.2067,0.6733,0.08,3.8933,13.9333,854.1233,22.79,17.7167,57,0.76,0.1833,15.1833,3.1433,49.52,97.0467,15.16
"NT","Pigeon pea","NT_Pigeon pea",0.0696621821482706,0.10871875087234,9.90117040766285,9.50534414375568,0.548498858430683,6.9811320754717,6.31578947368421,0.603015075376889,4.51518184851518,8.98209236569274,5,10,3.42105263157895,1.42857142857143,2.2,6.21212121212121,7.94968553459119,6.21212121212121,4.1675,2.96222222222222,6.18571428571428,10,6.47058823529412,6.31462753950339,7.34335839598997,6.44695598864861,1.61904761904762,2.96592931604373,1.33,1.36607497241567,0.598879333784727,0.776494828021193,2.10452779127056,8.04612227457919,4.44889911128849,6.20025206830342,4.44889911128849,6.16975974960421,4.45339384404248,4.53549667931885,46.7,4.41,60.335,107.467,1.2067,0.6733,0.08,3.8933,13.9333,854.1233,22.79,17.7167,57,0.76,0.1833,15.1833,3.1433,49.52,97.0467,15.16
"NT","Pigeon pea","NT_Pigeon pea",0,0.00461079485908059,10,9.5751133532735,0.478880652336985,8.55619360131255,6.31578947368421,0.603015075376889,4.51518184851518,8.98209236569274,9.28571428571429,10,3.42105263157895,1.42857142857143,2.2,6.21212121212121,7.94968553459119,6.21212121212121,4.1675,2.96222222222222,6.18571428571428,10,6.47058823529412,6.31462753950339,7.34335839598997,6.44695598864861,1.61904761904762,2.96592931604373,1.33,1.36607497241567,0.598879333784727,0.776494828021193,2.10452779127056,8.04612227457919,4.44889911128849,6.40790765099823,4.44889911128849,6.71237407720767,4.45339384404248,4.53379304490898,48.3,4.41,60.335,107.467,1.2067,0.6733,0.08,3.8933,13.9333,854.1233,22.79,17.7167,57,0.76,0.1833,15.1833,3.1433,49.52,97.0467,15.16
"NT","Pigeon pea","NT_Pigeon pea",0,0,10,9.29211689668998,0.761264611885583,7.76866283839212,6.31578947368421,0.603015075376889,4.51518184851518,8.98209236569274,5.71428571428572,10,3.42105263157895,1.42857142857143,2.2,6.21212121212121,7.94968553459119,6.21212121212121,4.1675,2.96222222222222,6.18571428571428,10,6.47058823529412,6.31462753950339,7.34335839598997,6.44695598864861,1.61904761904762,2.96592931604373,1.33,1.36607497241567,0.598879333784727,0.776494828021193,2.10452779127056,8.04612227457919,4.45156784130826,6.1588016470383,4.45156784130826,6.23750393559064,4.45339384404248,4.542658400565,47,4.41,60.335,107.467,1.2067,0.6733,0.08,3.8933,13.9333,854.1233,22.79,17.7167,57,0.76,0.1833,15.1833,3.1433,49.52,97.0467,15.16
"NT","Pigeon pea","NT_Pigeon pea",0.774677971374713,5.98902235497295,6.44400398701348,9.20528430133404,0.931318224594839,7.52813781788351,4.47368421052631,0.603015075376889,4.51518184851518,8.98209236569274,5,7.91666666666667,5,8,3,1.81818181818182,2.24528301886792,1.81818181818182,4.1675,2.96222222222222,6.18571428571428,10,6.47058823529412,6.31462753950339,7.34335839598997,6.44695598864861,1.61904761904762,2.96592931604373,1.33,1.36607497241567,0.598879333784727,0.776494828021193,2.10452779127056,8.04612227457919,5.27986519102874,5.48498882033741,5.27986519102874,6.30824908818784,5.28883464168487,5.26012189646641,61.6,4.41,60.335,107.467,1.2067,0.6733,0.08,3.8933,13.9333,854.1233,22.79,17.7167,57,0.76,0.1833,15.1833,3.1433,49.52,97.0467,15.16
"NT","Pigeon pea","NT_Pigeon pea",1.46411266600567,3.21261871687428,7.61851180141134,9.36598420143077,0.760620835409077,7.52813781788351,4.47368421052631,0.603015075376889,4.51518184851518,8.98209236569274,3.57142857142857,7.91666666666667,5,8,3,1.81818181818182,2.24528301886792,1.81818181818182,4.1675,2.96222222222222,6.18571428571428,10,6.47058823529412,6.31462753950339,7.34335839598997,6.44695598864861,1.61904761904762,2.96592931604373,1.33,1.36607497241567,0.598879333784727,0.776494828021193,2.10452779127056,8.04612227457919,5.28004153598002,5.07529199890112,5.28004153598002,6.10650816743823,5.28883464168487,5.25424931389213,58.6,4.41,60.335,107.467,1.2067,0.6733,0.08,3.8933,13.9333,854.1233,22.79,17.7167,57,0.76,0.1833,15.1833,3.1433,49.52,97.0467,15.16
"NT","Pigeon pea","NT_Pigeon pea",10,10,0,9.36057603171598,0.766365459083597,7.52813781788351,4.47368421052631,0.603015075376889,4.51518184851518,8.98209236569274,2.42857142857143,7.91666666666667,5,8,3,1.81818181818182,2.24528301886792,1.81818181818182,4.1675,2.96222222222222,6.18571428571428,10,6.47058823529412,6.31462753950339,7.34335839598997,6.44695598864861,1.61904761904762,2.96592931604373,1.33,1.36607497241567,0.598879333784727,0.776494828021193,2.10452779127056,8.04612227457919,5.28091024171303,7.13589165315059,5.28091024171303,5.78621640699765,5.28883464168487,5.26380531877157,65.6,4.41,60.335,107.467,1.2067,0.6733,0.08,3.8933,13.9333,854.1233,22.79,17.7167,57,0.76,0.1833,15.1833,3.1433,49.52,97.0467,15.16
"NT","Sunn hemp","NT_Sunn hemp",5.31019855777327,7.32871038286459,3.69723224121641,9.62094077369962,0.76172499684262,8.35931091058244,2.10526315789474,8.14070351758794,1.1827382938494,5.31253534401508,5.71428571428572,6.66666666666666,2.36842105263158,8.85714285714286,5.6,4.09090909090909,4.49685534591195,4.09090909090909,3.1675,0.148888888888887,10,7.27258142146639,5.62098039215686,6.69472105772331,5.49699248120301,6.5490987115976,2.0952380952381,6.69463513857107,0,3.38798291575431,3.37122201666604,8.52437137330755,3.54416764971202,0.543609742006535,6.9764875295803,7.05659161944807,6.9764875295803,5.32727152402967,6.95333489081947,6.80069878726543,81.8,5.16,45.354,88,1.1667,0.5467,0.1067,3.7233,13.5,865.91,22.0533,17.82,72,1.0533,0.17,25.83,8.3433,141.65,138.54,2.6933
"NT","Sunn hemp","NT_Sunn hemp",2.46153757219482,4.37477783068516,6.5509881547347,9.51045959238312,0.913218929744983,8.94995898277277,2.10526315789474,8.14070351758794,1.1827382938494,5.31253534401508,4.28571428571428,6.66666666666666,2.36842105263158,8.85714285714286,5.6,4.09090909090909,4.49685534591195,4.09090909090909,3.1675,0.148888888888887,10,7.27258142146639,5.62098039215686,6.69472105772331,5.49699248120301,6.5490987115976,2.0952380952381,6.69463513857107,0,3.38798291575431,3.37122201666604,8.52437137330755,3.54416764971202,0.543609742006535,6.941005236537,6.0779615425787,6.941005236537,5.13041546767424,6.95333489081947,6.82359954056223,77.6,5.16,45.354,88,1.1667,0.5467,0.1067,3.7233,13.5,865.91,22.0533,17.82,72,1.0533,0.17,25.83,8.3433,141.65,138.54,2.6933
"NT","Sunn hemp","NT_Sunn hemp",2.50783778421783,4.31443652375596,6.56249060800891,9.34898709661285,1.13463313937151,8.88433141919606,2.10526315789474,8.14070351758794,1.1827382938494,5.31253534401508,3.57142857142857,6.66666666666666,2.36842105263158,8.85714285714286,5.6,4.09090909090909,4.49685534591195,4.09090909090909,3.1675,0.148888888888887,10,7.27258142146639,5.62098039215686,6.69472105772331,5.49699248120301,6.5490987115976,2.0952380952381,6.69463513857107,0,3.38798291575431,3.37122201666604,8.52437137330755,3.54416764971202,0.543609742006535,6.94133438379043,6.00946474477287,6.94133438379043,5.02816880786665,6.95333489081947,6.82406354814487,77,5.16,45.354,88,1.1667,0.5467,0.1067,3.7233,13.5,865.91,22.0533,17.82,72,1.0533,0.17,25.83,8.3433,141.65,138.54,2.6933
"NT","Sunn hemp","NT_Sunn hemp",0.436473829711464,0.757053790024967,9.39054543692401,0.175186068975643,9.65904290724178,5.76702214930271,7.36842105263158,8.14070351758794,1.1827382938494,5.31253534401508,2.57142857142857,4.58333333333333,2.89473684210526,5.14285714285714,2.8,4.24242424242424,4.15723270440252,4.24242424242424,3.1675,0.148888888888887,10,7.27258142146639,5.62098039215686,6.69472105772331,5.49699248120301,6.5490987115976,2.0952380952381,6.69463513857107,0,3.38798291575431,3.37122201666604,8.52437137330755,3.54416764971202,0.543609742006535,4.54780633254621,5.4871023113947,4.54780633254621,3.80403458878816,4.91922121554474,4.7359966405639,43.2,5.16,45.354,88,1.1667,0.5467,0.1067,3.7233,13.5,865.91,22.0533,17.82,72,1.0533,0.17,25.83,8.3433,141.65,138.54,2.6933
"NT","Sunn hemp","NT_Sunn hemp",4.21136680066804,6.11052627927169,4.84009761161225,0,10,9.27809680065628,7.36842105263158,8.14070351758794,1.1827382938494,5.31253534401508,2,4.58333333333333,2.89473684210526,5.14285714285714,2.8,4.24242424242424,4.15723270440252,4.24242424242424,3.1675,0.148888888888887,10,7.27258142146639,5.62098039215686,6.69472105772331,5.49699248120301,6.5490987115976,2.0952380952381,6.69463513857107,0,3.38798291575431,3.37122201666604,8.52437137330755,3.54416764971202,0.543609742006535,5.06295187676665,6.45307368706349,5.06295187676665,3.5554016085977,4.91922121554474,4.93304748416326,50.3,5.16,45.354,88,1.1667,0.5467,0.1067,3.7233,13.5,865.91,22.0533,17.82,72,1.0533,0.17,25.83,8.3433,141.65,138.54,2.6933
"NT","Sunn hemp","NT_Sunn hemp",4.36563799914638,6.55186204308152,4.5352368818403,0,10,7.99835931091058,7.36842105263158,8.14070351758794,1.1827382938494,5.31253534401508,4.28571428571428,4.58333333333333,2.89473684210526,5.14285714285714,2.8,4.24242424242424,4.15723270440252,4.24242424242424,3.1675,0.148888888888887,10,7.27258142146639,5.62098039215686,6.69472105772331,5.49699248120301,6.5490987115976,2.0952380952381,6.69463513857107,0,3.38798291575431,3.37122201666604,8.52437137330755,3.54416764971202,0.543609742006535,4.92080625606037,6.81293650454469,4.92080625606037,3.91838970220103,4.91922121554474,4.93343481628733,50.3,5.16,45.354,88,1.1667,0.5467,0.1067,3.7233,13.5,865.91,22.0533,17.82,72,1.0533,0.17,25.83,8.3433,141.65,138.54,2.6933
"NT","Sunn hemp","NT_Sunn hemp",2.0080846534811,3.98782766292968,6.96077187213712,9.44498201866722,1.05058768222642,7.52813781788351,7.36842105263158,8.14070351758794,1.1827382938494,5.31253534401508,8.57142857142858,6.66666666666666,1.31578947368421,0.285714285714288,0,2.72727272727273,3.28930817610063,2.72727272727273,3.1675,0.148888888888887,10,7.27258142146639,5.62098039215686,6.69472105772331,5.49699248120301,6.5490987115976,2.0952380952381,6.69463513857107,0,3.38798291575431,3.37122201666604,8.52437137330755,3.54416764971202,0.543609742006535,3.71922934113864,7.39404329910516,3.71922934113864,3.47805203329005,3.75524970550334,3.83769766703818,29.2,5.16,45.354,88,1.1667,0.5467,0.1067,3.7233,13.5,865.91,22.0533,17.82,72,1.0533,0.17,25.83,8.3433,141.65,138.54,2.6933
"NT","Sunn hemp","NT_Sunn hemp",2.46378355848731,4.69947460335466,6.37651871124082,9.47712289046757,1.00506711542938,7.52813781788351,7.36842105263158,8.14070351758794,1.1827382938494,5.31253534401508,5.28571428571429,6.66666666666666,1.31578947368421,0.285714285714288,0,2.72727272727273,3.28930817610063,2.72727272727273,3.1675,0.148888888888887,10,7.27258142146639,5.62098039215686,6.69472105772331,5.49699248120301,6.5490987115976,2.0952380952381,6.69463513857107,0,3.38798291575431,3.37122201666604,8.52437137330755,3.54416764971202,0.543609742006535,3.74359392092782,7.29888740745869,3.74359392092782,3.01721173157671,3.75524970550334,3.84578356405561,28.6,5.16,45.354,88,1.1667,0.5467,0.1067,3.7233,13.5,865.91,22.0533,17.82,72,1.0533,0.17,25.83,8.3433,141.65,138.54,2.6933
"NT","Sunn hemp","NT_Sunn hemp",3.42178748852232,5.92590892361054,5.29231037982244,9.46066049271617,1.02838252769127,7.52813781788351,7.36842105263158,8.14070351758794,1.1827382938494,5.31253534401508,5.71428571428572,6.66666666666666,1.31578947368421,0.285714285714288,0,2.72727272727273,3.28930817610063,2.72727272727273,3.1675,0.148888888888887,10,7.27258142146639,5.62098039215686,6.69472105772331,5.49699248120301,6.5490987115976,2.0952380952381,6.69463513857107,0,3.38798291575431,3.37122201666604,8.52437137330755,3.54416764971202,0.543609742006535,3.72200734916289,7.63853097784294,3.72200734916289,3.06745272040783,3.75524970550334,3.86262179328939,29.2,5.16,45.354,88,1.1667,0.5467,0.1067,3.7233,13.5,865.91,22.0533,17.82,72,1.0533,0.17,25.83,8.3433,141.65,138.54,2.6933
