Parcela,Cultura,Combo,DMG_norm,DMP_norm,RMP_norm,Densidade_norm,Estoque.de.C_norm,Na_norm,ICV..._norm,pH_norm,P_norm,K_norm,Altura.de.Plantas_norm,Diâmetro.espiga_norm,Comprimento.espiga_norm,Número.de.plantas_ha_norm,N.total.de.espigas_ha_norm,N.de.espigas.comerciais_ha_norm,Peso.de.espigas.comerciais_ha_norm,Produtividade_norm,IPACSA,IQS_ANOVA,IQS_Fuzzy,IQS_PLS,IQS_MARS,IQS_RF,MetaIQS_Borda,pH_0_10,P_0_10,K_0_10,Ca_cmolc_dm3,Mg_cmolc_dm3,Al_cmolc_dm3,HAl_cmolc_dm3,SB_cmolc_dm3,T_cmolc_dm3,V_pct,m_pct,MOS_g_kg,EstN_kg_ha,MI_pct,MA_pct,VIB_mm_h,RP_KPa,AD_PT,qMIC,qCO2,CCO2_g_kg,CMIC_ug_g,NMIC_mg_kg
CT,Cowpea,CT_Cowpea,0.422359081694417,0.556107040147235,9.50421855063334,9.11416621623441,1.66956645814554,9.34372436423298,6.57894736842105,3.36683417085427,3.87454120787454,0,4,2.29166666666667,2.89473684210526,5.71428571428572,5.4,3.78787878787879,3.52201257861635,3.78787878787879,5.79884601391878,2.05365062045244,5.79884601391878,3.31591693160513,5.87830016693293,5.73642400085717,57,4.685,57.455,59.817,1.04,0.54,0.05,1.73,1.54,3.27,46.9433,3.17,10.6333,712.0433,19.86,15.4933,12.0,1.3133,0.1967,22.2667,4.7833,87.01,93.78,13.5533
CT,Cowpea,CT_Cowpea,0,0,10,8.88290872401242,1.66956645814554,9.24528301886792,6.57894736842105,3.36683417085427,3.87454120787454,0,1.42857142857143,2.29166666666667,2.89473684210526,5.71428571428572,5.4,3.78787878787879,3.52201257861635,3.78787878787879,5.79884601391878,1.68666086183301,5.79884601391878,2.77705948140856,5.87830016693297,5.73902332859741,55.6,4.685,57.455,59.817,1.04,0.54,0.05,1.73,1.54,3.27,46.9433,3.17,10.6333,712.0433,19.86,15.4933,12.0,1.3133,0.1967,22.2667,4.7833,87.01,93.78,13.5533
CT,Cowpea,CT_Cowpea,0,0,10,9.45752479790639,0.918633551401337,7.44052502050861,6.57894736842105,3.36683417085427,3.87454120787454,0,4,2.29166666666667,2.89473684210526,5.71428571428572,5.4,3.78787878787879,3.52201257861635,3.78787878787879,5.79884601391878,1.72125074564084,5.79884601391878,3.58031567341238,5.87919743701444,5.77112007416853,58.8,4.685,57.455,59.817,1.04,0.54,0.05,1.73,1.54,3.27,46.9433,3.17,10.6333,712.0433,19.86,15.4933,12.0,1.3133,0.1967,22.2667,4.7833,87.01,93.78,13.5533
CT,Cowpea,CT_Cowpea,0.791515169844989,1.19555449991795,8.99729174447758,8.96286894166206,1.44625325628645,9.70467596390484,0,3.36683417085427,3.87454120787454,0,5.71428571428572,7.08333333333333,1.05263157894737,5.71428571428572,4.6,4.09090909090909,4.84276729559748,4.09090909090909,5.7756632688631,3.18956408156709,5.7756632688631,3.37655515170882,5.77830240595531,5.83722433967098,60,4.685,57.455,59.817,1.04,0.54,0.05,1.73,1.54,3.27,46.9433,3.17,10.6333,712.0433,19.86,15.4933,12.0,1.3133,0.1967,22.2667,4.7833,87.01,93.78,13.5533
CT,Cowpea,CT_Cowpea,0.356671747293989,0.427737347825617,9.60221351134913,9.04988447263373,1.33925973780928,5.20918785890074,0,3.36683417085427,3.87454120787454,0,3.57142857142857,7.08333333333333,1.05263157894737,5.71428571428572,4.6,4.09090909090909,4.84276729559748,4.09090909090909,5.7756632688631,2.49068983494177,5.7756632688631,3.63156549590498,5.78255975222137,5.80966639938272,59,4.685,57.455,59.817,1.04,0.54,0.05,1.73,1.54,3.27,46.9433,3.17,10.6333,712.0433,19.86,15.4933,12.0,1.3133,0.1967,22.2667,4.7833,87.01,93.78,13.5533
CT,Cowpea,CT_Cowpea,0.156697740257547,0,9.99685837569058,9.1369000036054,1.23226621933212,8.09680065627564,0,3.36683417085427,3.87454120787454,0,2.85714285714286,7.08333333333333,1.05263157894737,5.71428571428572,4.6,4.09090909090909,4.84276729559748,4.09090909090909,5.7756632688631,2.5096168341938,5.7756632688631,3.00916307626609,5.78681709848743,5.8227087664305,57.6,4.685,57.455,59.817,1.04,0.54,0.05,1.73,1.54,3.27,46.9433,3.17,10.6333,712.0433,19.86,15.4933,12.0,1.3133,0.1967,22.2667,4.7833,87.01,93.78,13.5533
CT,Cowpea,CT_Cowpea,1.30772835651387,2.36202670372299,8.14295691602662,9.14317139322497,1.13714741190522,7.52813781788351,2.36842105263158,3.36683417085427,3.87454120787454,0,5.71428571428572,6.45833333333333,2.10526315789473,10,10,8.93939393939394,8.93081761006289,8.93939393939394,5.93798832193484,5.79233894084296,5.93798832193484,6.04093570277778,6.08087548970235,6.11918852884334,83.6,4.685,57.455,59.817,1.04,0.54,0.05,1.73,1.54,3.27,46.9433,3.17,10.6333,712.0433,19.86,15.4933,12.0,1.3133,0.1967,22.2667,4.7833,87.01,93.78,13.5533
CT,Cowpea,CT_Cowpea,0.527158942178476,0.783669734452101,9.33571632656044,9.16590518059594,1.11065767187,7.52813781788351,2.36842105263158,3.36683417085427,3.87454120787454,0,7.85714285714286,6.45833333333333,2.10526315789473,10,10,8.93939393939394,8.93081761006289,8.93939393939394,6.12537403097872,5.3177517670647,6.12537403097872,6.45234684941497,6.08087548970235,6.15788014269136,84,4.685,57.455,59.817,1.04,0.54,0.05,1.73,1.54,3.27,46.9433,3.17,10.6333,712.0433,19.86,15.4933,12.0,1.3133,0.1967,22.2667,4.7833,87.01,93.78,13.5533
CT,Cowpea,CT_Cowpea,0.0577162327358155,0.107058380650119,9.90740698700169,9.1964782049914,1.07503353871919,7.52813781788351,2.36842105263158,3.36683417085427,3.87454120787454,0,5.71428571428572,6.45833333333333,2.10526315789473,10,10,8.93939393939394,8.93081761006289,8.93939393939394,6.17329088755293,4.94948760445632,6.17329088755293,5.98744941199226,6.08087548970235,6.14258287712845,82.2,4.685,57.455,59.817,1.04,0.54,0.05,1.73,1.54,3.27,46.9433,3.17,10.6333,712.0433,19.86,15.4933,12.0,1.3133,0.1967,22.2667,4.7833,87.01,93.78,13.5533
CT,Millet,CT_Millet,2.49426029393167,3.655911748983,6.92037631286494,8.8460643099974,1.33419292527445,9.21246923707957,4.47368421052631,2.71356783919598,7.11333555778,0.866729500471255,2.85714285714286,2.91666666666666,1.84210526315789,5.71428571428572,3.8,1.06060606060606,0.754716981132075,1.06060606060606,4.72216788598004,2.24657673559293,4.72216788598004,1.43796618589898,4.58524623988647,4.77492249279395,34.6,4.62,72.015,64.415,1.1433,0.6567,0.0533,1.64,1.91,3.5367,54.04,2.7267,12.9333,802.5867,21.62,12.4267,6.0,1.0867,0.27,15.6067,10.0833,159.1967,74.46,17.2367
CT,Millet,CT_Millet,0.4874630220164,1.04587430271308,9.21341441133199,9.05302016744352,1.11169727683233,6.55455291222313,4.47368421052631,2.71356783919598,7.11333555778,0.866729500471255,1.42857142857143,2.91666666666666,1.84210526315789,5.71428571428572,3.8,1.06060606060606,0.754716981132075,1.06060606060606,4.72203394976987,0.893434537522214,4.72203394976987,1.47822782049453,4.5932791532249,4.72162086781612,28.4,4.62,72.015,64.415,1.1433,0.6567,0.0533,1.64,1.91,3.5367,54.04,2.7267,12.9333,802.5867,21.62,12.4267,6.0,1.0867,0.27,15.6067,10.0833,159.1967,74.46,17.2367
CT,Millet,CT_Millet,0.750930253885235,1.2122695389189,9.00653648815032,8.99187411865262,1.17743462750841,10,4.47368421052631,2.71356783919598,7.11333555778,0.866729500471255,3.57142857142857,2.91666666666666,1.84210526315789,5.71428571428572,3.8,1.06060606060606,0.754716981132075,1.06060606060606,4.75507991236895,1.33313097650025,4.75507991236895,1.38323274027784,4.59425599291862,4.76515826329866,31.2,4.62,72.015,64.415,1.1433,0.6567,0.0533,1.64,1.91,3.5367,54.04,2.7267,12.9333,802.5867,21.62,12.4267,6.0,1.0867,0.27,15.6067,10.0833,159.1967,74.46,17.2367
CT,Millet,CT_Millet,0.685056993873257,0.831317035027357,9.23955272753977,8.78962180342118,1.28470571041727,9.14684167350287,6.57894736842105,2.71356783919598,7.11333555778,0.866729500471255,2.85714285714286,3.33333333333334,4.47368421052632,5.71428571428572,3.4,0,0,0,4.95791138292295,0.868770502928086,4.95791138292295,1.5291616791707,4.89964047174531,4.92659460745133,34.4,4.62,72.015,64.415,1.1433,0.6567,0.0533,1.64,1.91,3.5367,54.04,2.7267,12.9333,802.5867,21.62,12.4267,6.0,1.0867,0.27,15.6067,10.0833,159.1967,74.46,17.2367
CT,Millet,CT_Millet,0.333863870380229,0.291170686865632,9.68538556971177,9.00284905048688,1.06919459240166,6.915504511895,6.57894736842105,2.71356783919598,7.11333555778,0.866729500471255,1.42857142857143,3.33333333333334,4.47368421052632,5.71428571428572,3.4,0,0,0,4.99004976003984,0.447670108363563,4.99004976003984,1.56968054944159,4.89928305567091,4.90516754471808,33.8,4.62,72.015,64.415,1.1433,0.6567,0.0533,1.64,1.91,3.5367,54.04,2.7267,12.9333,802.5867,21.62,12.4267,6.0,1.0867,0.27,15.6067,10.0833,159.1967,74.46,17.2367
CT,Millet,CT_Millet,0.691073084678017,0.887296844667283,9.20695239243832,9.00833651640402,1.0636483503939,9.8687448728466,6.57894736842105,2.71356783919598,7.11333555778,0.866729500471255,2.85714285714286,3.33333333333334,4.47368421052632,5.71428571428572,3.4,0,0,0,4.95467193298544,0.952589689555511,4.95467193298544,1.40721356051209,4.89845518088529,4.92709827737723,33.4,4.62,72.015,64.415,1.1433,0.6567,0.0533,1.64,1.91,3.5367,54.04,2.7267,12.9333,802.5867,21.62,12.4267,6.0,1.0867,0.27,15.6067,10.0833,159.1967,74.46,17.2367
CT,Millet,CT_Millet,0.980753600943659,1.80302894126953,8.58801549427433,9.21372452644523,0.748335155994896,7.52813781788351,3.42105263157895,2.71356783919598,7.11333555778,0.866729500471255,2.85714285714286,1.66666666666667,5,4.28571428571429,3.8,2.42424242424242,1.63522012578616,2.42424242424242,3.40580442720016,1.51044409615374,3.40580442720016,1.92788402986089,3.46560682278027,3.6433682071431,10.4,4.62,72.015,64.415,1.1433,0.6567,0.0533,1.64,1.91,3.5367,54.04,2.7267,12.9333,802.5867,21.62,12.4267,6.0,1.0867,0.27,15.6067,10.0833,159.1967,74.46,17.2367
CT,Millet,CT_Millet,0.84478261370561,1.14871882832401,8.99845902544021,9.22391553457705,0.738887872065398,7.52813781788351,3.42105263157895,2.71356783919598,7.11333555778,0.866729500471255,1.42857142857143,1.66666666666667,5,4.28571428571429,3.8,2.42424242424242,1.63522012578616,2.42424242424242,3.45207386113184,1.25811763414347,3.45207386113184,1.62568715232787,3.46438467168636,3.62412513558749,7.6,4.62,72.015,64.415,1.1433,0.6567,0.0533,1.64,1.91,3.5367,54.04,2.7267,12.9333,802.5867,21.62,12.4267,6.0,1.0867,0.27,15.6067,10.0833,159.1967,74.46,17.2367
CT,Millet,CT_Millet,0.600396270896723,0.681159219177421,9.35768415406989,9.26703133821166,0.698918593902145,7.52813781788351,3.42105263157895,2.71356783919598,7.11333555778,0.866729500471255,0,1.66666666666667,5,4.28571428571429,3.8,2.42424242424242,1.63522012578616,2.42424242424242,3.6802602116254,1.0268571915499,3.6802602116254,1.31811401836647,3.45921403244291,3.65861415920093,6,4.62,72.015,64.415,1.1433,0.6567,0.0533,1.64,1.91,3.5367,54.04,2.7267,12.9333,802.5867,21.62,12.4267,6.0,1.0867,0.27,15.6067,10.0833,159.1967,74.46,17.2367
CT,Pigeon pea,CT_Pigeon pea,0.385887983992489,0.415003002059085,9.59593319672153,9.04910054893127,0.854213370119274,9.37653814602133,10,2.76381909547739,10,2.93119698397738,0,4.79166666666667,1.84210526315789,5.42857142857143,0,0,0,0,4.49510199154229,0,4.49510199154229,0,4.57636019771743,4.53150514791085,21.6,4.625,84.992,75.367,1.2733,0.8333,0.0433,1.39,2.1967,3.5867,61.0333,1.9367,11.9667,658.3067,20.2533,11.77,11.0,0.88,0.26,11.9967,16.2733,128.2533,48.52,3.3267
CT,Pigeon pea,CT_Pigeon pea,0.6285520015199,0.691807210524778,9.33938713711521,9.15884986727392,0.75600602756158,9.77030352748154,10,2.76381909547739,10,2.93119698397738,0.714285714285712,4.79166666666667,1.84210526315789,5.42857142857143,0,0,0,0,4.49566509130724,0.193274488838478,4.49566509130724,0.0921829164289219,4.54508727163275,4.50848190177726,21.4,4.625,84.992,75.367,1.2733,0.8333,0.0433,1.39,2.1967,3.5867,61.0333,1.9367,11.9667,658.3067,20.2533,11.77,11.0,0.88,0.26,11.9967,16.2733,128.2533,48.52,3.3267
CT,Pigeon pea,CT_Pigeon pea,2.1473930562039,4.0108243552592,6.88610212840979,9.27957411745082,0.647977950748118,9.8687448728466,10,2.76381909547739,10,2.93119698397738,2.14285714285714,4.79166666666667,1.84210526315789,5.42857142857143,0,0,0,0,4.47798763287046,1.440725992423,4.47798763287046,0.432310156889944,4.51068705293961,4.54056050920778,25.8,4.625,84.992,75.367,1.2733,0.8333,0.0433,1.39,2.1967,3.5867,61.0333,1.9367,11.9667,658.3067,20.2533,11.77,11.0,0.88,0.26,11.9967,16.2733,128.2533,48.52,3.3267
CT,Pigeon pea,CT_Pigeon pea,0.52992362460469,0.921391716188674,9.26090266720282,9.17688011243021,1.09786952150817,7.52813781788351,4.21052631578947,2.76381909547739,10,2.93119698397738,0,4.375,1.57894736842105,3.71428571428572,1.2,1.66666666666667,1.0062893081761,1.66666666666667,3.55791494676718,0.538593274663082,3.55791494676718,0.136804805467295,3.77495323765017,3.70166069309023,6,4.625,84.992,75.367,1.2733,0.8333,0.0433,1.39,2.1967,3.5867,61.0333,1.9367,11.9667,658.3067,20.2533,11.77,11.0,0.88,0.26,11.9967,16.2733,128.2533,48.52,3.3267
CT,Pigeon pea,CT_Pigeon pea,3.07993141280939,1.54146086439616,7.78771397480955,9.00833651640401,1.29425897349341,7.52813781788351,4.21052631578947,2.76381909547739,10,2.93119698397738,1.42857142857143,4.375,1.57894736842105,3.71428571428572,1.2,1.66666666666667,1.0062893081761,1.66666666666667,3.8536862596802,1.35682787026006,3.8536862596802,0.544260009347299,3.76705551885515,3.83089287327414,13.6,4.625,84.992,75.367,1.2733,0.8333,0.0433,1.39,2.1967,3.5867,61.0333,1.9367,11.9667,658.3067,20.2533,11.77,11.0,0.88,0.26,11.9967,16.2733,128.2533,48.52,3.3267
CT,Pigeon pea,CT_Pigeon pea,1.93209554194676,3.43117442713597,7.292183215688,9.10475913180504,1.18190593817162,7.52813781788351,4.21052631578947,2.76381909547739,10,2.93119698397738,1.42857142857143,4.375,1.57894736842105,3.71428571428572,1.2,1.66666666666667,1.0062893081761,1.66666666666667,3.79156762704589,1.54067883956361,3.79156762704589,0.493523027106695,3.77997060041813,3.78473138811438,14,4.625,84.992,75.367,1.2733,0.8333,0.0433,1.39,2.1967,3.5867,61.0333,1.9367,11.9667,658.3067,20.2533,11.77,11.0,0.88,0.26,11.9967,16.2733,128.2533,48.52,3.3267
CT,Pigeon pea,CT_Pigeon pea,0.163987947245366,0.201036303373682,9.80961101157975,10,0,7.52813781788351,1.84210526315789,2.76381909547739,10,2.93119698397738,0,3.54166666666666,3.42105263157895,6.28571428571429,4.4,2.12121212121212,1.57232704402516,2.12121212121212,4.70426338527699,1.25492487624789,4.70426338527699,0.742758194794869,4.74408246543642,4.69904382416232,27.8,4.625,84.992,75.367,1.2733,0.8333,0.0433,1.39,2.1967,3.5867,61.0333,1.9367,11.9667,658.3067,20.2533,11.77,11.0,0.88,0.26,11.9967,16.2733,128.2533,48.52,3.3267
CT,Pigeon pea,CT_Pigeon pea,0.166969660936439,0.168016073803698,9.82591624969005,9.38070027506654,0.853163671904885,7.52813781788351,1.84210526315789,2.76381909547739,10,2.93119698397738,2.14285714285714,3.54166666666666,3.42105263157895,6.28571428571429,4.4,2.12121212121212,1.57232704402516,2.12121212121212,4.70385125938373,1.28412283741563,4.70385125938373,1.21235837331964,4.82898231786452,4.6963933416282,28.6,4.625,84.992,75.367,1.2733,0.8333,0.0433,1.39,2.1967,3.5867,61.0333,1.9367,11.9667,658.3067,20.2533,11.77,11.0,0.88,0.26,11.9967,16.2733,128.2533,48.52,3.3267
CT,Pigeon pea,CT_Pigeon pea,0.235891814182962,0.290743089092175,9.7294871971065,9.97413051781924,0.165510408959803,7.52813781788351,1.84210526315789,2.76381909547739,10,2.93119698397738,0,3.54166666666666,3.42105263157895,6.28571428571429,4.4,2.12121212121212,1.57232704402516,2.12121212121212,4.70625174438139,1.28672084155509,4.70625174438139,0.75058519939477,4.76055270410074,4.6993143749789,29.2,4.625,84.992,75.367,1.2733,0.8333,0.0433,1.39,2.1967,3.5867,61.0333,1.9367,11.9667,658.3067,20.2533,11.77,11.0,0.88,0.26,11.9967,16.2733,128.2533,48.52,3.3267
CT,Sunn hemp,CT_Sunn hemp,0.575662952755262,0.679184201536996,9.36981518227513,9.10005558959036,1.02505680113703,10,5.26315789473684,3.16582914572865,2.30141252363475,2.50065975494816,1.42857142857143,2.70833333333333,1.57894736842105,0,0.799999999999999,3.93939393939394,3.45911949685535,3.93939393939394,3.72047138770167,1.18171524653481,3.72047138770167,2.01211725066332,3.77053882939333,3.75928447935025,11.6,4.665,50.383,73.083,1.28,0.81,0.0567,1.2967,2.2,3.4533,55.3367,2.44,11.9333,797.5933,22.9667,12.2033,13.5,0.9233,0.2267,15.4267,5.1967,40.2867,59.7267,1.79
CT,Sunn hemp,CT_Sunn hemp,0.455050005147621,0.730865443371291,9.39621745168998,9.26467956710432,0.852310792105695,9.9343724364233,5.26315789473684,3.16582914572865,2.30141252363475,2.50065975494816,2.85714285714286,2.70833333333333,1.57894736842105,0,0.799999999999999,3.93939393939394,3.45911949685535,3.93939393939394,3.73168037861277,1.2356732213989,3.73168037861277,2.30888402389538,3.7224060838952,3.75720307217665,11.4,4.665,50.383,73.083,1.28,0.81,0.0567,1.2967,2.2,3.4533,55.3367,2.44,11.9333,797.5933,22.9667,12.2033,13.5,0.9233,0.2267,15.4267,5.1967,40.2867,59.7267,1.79
CT,Sunn hemp,CT_Sunn hemp,0,0,10,9.34934332696864,0.763469987461006,10,5.26315789473684,3.16582914572865,2.30141252363475,2.50065975494816,3.57142857142857,2.70833333333333,1.57894736842105,0,0.799999999999999,3.93939393939394,3.45911949685535,3.93939393939394,3.74051394619842,0.989995473147992,3.74051394619842,2.42461863960164,3.69765210049616,3.79405549229571,12.2,4.665,50.383,73.083,1.28,0.81,0.0567,1.2967,2.2,3.4533,55.3367,2.44,11.9333,797.5933,22.9667,12.2033,13.5,0.9233,0.2267,15.4267,5.1967,40.2867,59.7267,1.79
CT,Sunn hemp,CT_Sunn hemp,0.533114223735118,0.577701534495119,9.44308443717815,9.05380409114596,1.50212949969852,7.52813781788351,5.26315789473684,3.16582914572865,2.30141252363475,2.50065975494816,0,0,0.789473684210524,3.71428571428572,2.4,1.21212121212121,0.880503144654088,1.21212121212121,3.74454975446863,0.456139132001394,3.74454975446863,1.74848430841043,3.77068696753027,3.77748429821628,11,4.665,50.383,73.083,1.28,0.81,0.0567,1.2967,2.2,3.4533,55.3367,2.44,11.9333,797.5933,22.9667,12.2033,13.5,0.9233,0.2267,15.4267,5.1967,40.2867,59.7267,1.79
CT,Sunn hemp,CT_Sunn hemp,0.787803912594819,1.34651749044319,8.91830431610026,8.97227602609143,1.61182296310211,7.52813781788351,5.26315789473684,3.16582914572865,2.30141252363475,2.50065975494816,2.85714285714286,0,0.789473684210524,3.71428571428572,2.4,1.21212121212121,0.880503144654088,1.21212121212121,3.74163489894779,0.820691357761032,3.74163489894779,2.35482854042591,3.76098745876087,3.80839314146198,12.6,4.665,50.383,73.083,1.28,0.81,0.0567,1.2967,2.2,3.4533,55.3367,2.44,11.9333,797.5933,22.9667,12.2033,13.5,0.9233,0.2267,15.4267,5.1967,40.2867,59.7267,1.79
CT,Sunn hemp,CT_Sunn hemp,0.540002941976475,0.808610786468483,9.31664028485002,9.0279346089652,1.66358830062046,7.52813781788351,5.26315789473684,3.16582914572865,2.30141252363475,2.50065975494816,0.714285714285712,0,0.789473684210524,3.71428571428572,2.4,1.21212121212121,0.880503144654088,1.21212121212121,3.74025134801969,0.537477537284594,3.74025134801969,1.9016552891103,3.756410172844,3.79778772267738,10.4,4.665,50.383,73.083,1.28,0.81,0.0567,1.2967,2.2,3.4533,55.3367,2.44,11.9333,797.5933,22.9667,12.2033,13.5,0.9233,0.2267,15.4267,5.1967,40.2867,59.7267,1.79
CT,Sunn hemp,CT_Sunn hemp,0.251111158087816,0.362158371565684,9.68451938715347,9.01617575342848,1.29468289007999,7.52813781788351,0,3.16582914572865,2.30141252363475,2.50065975494816,7.14285714285715,4.79166666666667,0.263157894736841,8.57142857142857,6,5.90909090909091,5.9748427672956,5.90909090909091,7.14144215530903,3.70976966724229,7.14144215530903,5.11796155264778,7.07997802529096,7.01737633912422,85.9,4.665,50.383,73.083,1.28,0.81,0.0567,1.2967,2.2,3.4533,55.3367,2.44,11.9333,797.5933,22.9667,12.2033,13.5,0.9233,0.2267,15.4267,5.1967,40.2867,59.7267,1.79
CT,Sunn hemp,CT_Sunn hemp,0.343445636161082,0.395154397488113,9.62554322021873,9.01617575342849,1.29468289007999,7.52813781788351,0,3.16582914572865,2.30141252363475,2.50065975494816,5,4.79166666666667,0.263157894736841,8.57142857142857,6,5.90909090909091,5.9748427672956,5.90909090909091,7.14144215530903,3.6465696815064,7.14144215530903,4.6773279256414,7.07997802529096,7.01885733792714,85.1,4.665,50.383,73.083,1.28,0.81,0.0567,1.2967,2.2,3.4533,55.3367,2.44,11.9333,797.5933,22.9667,12.2033,13.5,0.9233,0.2267,15.4267,5.1967,40.2867,59.7267,1.79
CT,Sunn hemp,CT_Sunn hemp,0.278824132746657,0.345958063469386,9.68076388397966,9.19255858647916,1.08802355412225,7.52813781788351,0,3.16582914572865,2.30141252363475,2.50065975494816,8.57142857142858,4.79166666666667,0.263157894736841,8.57142857142857,6,5.90909090909091,5.9748427672956,5.90909090909091,7.13461034618954,3.78994154924251,7.13461034618954,5.40934466409426,7.08039333256444,7.00626866294653,87.6,4.665,50.383,73.083,1.28,0.81,0.0567,1.2967,2.2,3.4533,55.3367,2.44,11.9333,797.5933,22.9667,12.2033,13.5,0.9233,0.2267,15.4267,5.1967,40.2867,59.7267,1.79
MT,Cowpea,MT_Cowpea,10,10,0,9.73914791175154,0.732046928041006,9.21246923707957,6.31578947368421,6.48241206030151,3.74708041374708,5.73044297832234,7.14285714285715,4.375,10,2.28571428571429,3.6,7.57575757575758,8.67924528301887,7.57575757575758,4.96432534207939,8.16914563226667,4.96432534207939,5.85407870173737,4.88383345045253,5.00794037167103,67,4.995,56.882,90.217,1.1567,0.7367,0.04,1.48,1.9633,3.6667,53.8267,1.89,14.1333,888.4967,22.3967,11.1967,55.0,0.64,0.2067,7.99,20.7767,124.1167,36.39,18.2967
MT,Cowpea,MT_Cowpea,6.39621980210554,8.63311110619867,2.51404384410777,9.6703868968063,0.838285163268508,9.60623461853979,6.31578947368421,6.48241206030151,3.74708041374708,5.73044297832234,7.85714285714286,4.375,10,2.28571428571429,3.6,7.57575757575758,8.67924528301887,7.57575757575758,4.96412598992629,6.98746286299583,4.96412598992629,5.75652919796633,4.89863419163043,5.0011735372508,65.2,4.995,56.882,90.217,1.1567,0.7367,0.04,1.48,1.9633,3.6667,53.8267,1.89,14.1333,888.4967,22.3967,11.1967,55.0,0.64,0.2067,7.99,20.7767,124.1167,36.39,18.2967
MT,Cowpea,MT_Cowpea,0.699663217707755,1.72149976127136,8.7574470696726,9.71906042423944,0.763082816983872,0,6.31578947368421,6.48241206030151,3.74708041374708,5.73044297832234,7.14285714285715,4.375,10,2.28571428571429,3.6,7.57575757575758,8.67924528301887,7.57575757575758,4.96426454190975,3.22174311519516,4.96426454190975,6.91049000116181,4.88815726248203,5.00558677533495,57.6,4.995,56.882,90.217,1.1567,0.7367,0.04,1.48,1.9633,3.6667,53.8267,1.89,14.1333,888.4967,22.3967,11.1967,55.0,0.64,0.2067,7.99,20.7767,124.1167,36.39,18.2967
MT,Cowpea,MT_Cowpea,0.390565487440116,0.574829368318684,9.50845406376273,8.25962719691869,3.20553267128512,8.22805578342904,9.47368421052632,6.48241206030151,3.74708041374708,5.73044297832234,10,0,7.10526315789474,3.71428571428572,4,8.03030303030303,8.9937106918239,8.03030303030303,5.59406969493868,3.02813092838461,5.59406969493868,6.21662778904696,5.53417065609362,5.57889545088301,65,4.995,56.882,90.217,1.1567,0.7367,0.04,1.48,1.9633,3.6667,53.8267,1.89,14.1333,888.4967,22.3967,11.1967,55.0,0.64,0.2067,7.99,20.7767,124.1167,36.39,18.2967
MT,Cowpea,MT_Cowpea,0.0547192408625333,0.0336922841837393,9.94794365384259,9.39611543269891,1.3545055019512,7.99835931091058,9.47368421052632,6.48241206030151,3.74708041374708,5.73044297832234,8.57142857142858,0,7.10526315789474,3.71428571428572,4,8.03030303030303,8.9937106918239,8.03030303030303,5.61735458168868,2.85296542659877,5.61735458168868,5.88896575346149,5.63237552831263,5.5716511786886,64.4,4.995,56.882,90.217,1.1567,0.7367,0.04,1.48,1.9633,3.6667,53.8267,1.89,14.1333,888.4967,22.3967,11.1967,55.0,0.64,0.2067,7.99,20.7767,124.1167,36.39,18.2967
MT,Cowpea,MT_Cowpea,8.18814280841326,9.58849684537726,1.20119849012744,9.52745669720104,1.14058665845238,0,9.47368421052632,6.48241206030151,3.74708041374708,5.73044297832234,7.14285714285715,0,7.10526315789474,3.71428571428572,4,8.03030303030303,8.9937106918239,8.03030303030303,5.64002261559884,6.51186799491568,5.64002261559884,7.20459137217484,5.64372483373563,5.58916241867115,78.4,4.995,56.882,90.217,1.1567,0.7367,0.04,1.48,1.9633,3.6667,53.8267,1.89,14.1333,888.4967,22.3967,11.1967,55.0,0.64,0.2067,7.99,20.7767,124.1167,36.39,18.2967
MT,Cowpea,MT_Cowpea,2.5004324953276,3.85696015418046,6.810205669633,8.9302402415531,1.9616152371951,7.52813781788351,6.05263157894737,6.48241206030151,3.74708041374708,5.73044297832234,7.14285714285715,4.1875,7.10526315789474,5.14285714285714,4.8,5.75757575757576,5.84905660377358,5.75757575757576,5.60669274803743,4.44751031489399,5.60669274803743,5.32325052630049,5.67693787661616,5.59375605753099,68.9,4.995,56.882,90.217,1.1567,0.7367,0.04,1.48,1.9633,3.6667,53.8267,1.89,14.1333,888.4967,22.3967,11.1967,55.0,0.64,0.2067,7.99,20.7767,124.1167,36.39,18.2967
MT,Cowpea,MT_Cowpea,0.677251390404565,0.836060949947986,9.24051382577858,9.1179809902238,1.67396626265637,7.52813781788351,6.05263157894737,6.48241206030151,3.74708041374708,5.73044297832234,6.85714285714286,4.1875,7.10526315789474,5.14285714285714,4.8,5.75757575757576,5.84905660377358,5.75757575757576,5.60669274803743,3.28214118788804,5.60669274803743,5.1801986809565,5.68711187847362,5.56431789719808,63.3,4.995,56.882,90.217,1.1567,0.7367,0.04,1.48,1.9633,3.6667,53.8267,1.89,14.1333,888.4967,22.3967,11.1967,55.0,0.64,0.2067,7.99,20.7767,124.1167,36.39,18.2967
MT,Cowpea,MT_Cowpea,2.79892044745268,4.70814919063809,6.22180570320882,9.04690218825794,1.78287040116487,7.52813781788351,6.05263157894737,6.48241206030151,3.74708041374708,5.73044297832234,5.71428571428572,4.1875,7.10526315789474,5.14285714285714,4.8,5.75757575757576,5.84905660377358,5.75757575757576,5.51868365373989,4.67420679448072,5.51868365373989,5.03404401830295,5.68325999299672,5.58353539409758,66.8,4.995,56.882,90.217,1.1567,0.7367,0.04,1.48,1.9633,3.6667,53.8267,1.89,14.1333,888.4967,22.3967,11.1967,55.0,0.64,0.2067,7.99,20.7767,124.1167,36.39,18.2967
MT,Millet,MT_Millet,5.1888866666453,7.58823480055307,3.61291086829168,9.63639268717046,1.16908596031818,9.21246923707957,1.05263157894737,6.88442211055277,4.44488933377822,6.42469368520264,7.14285714285715,3.75,8.15789473684211,1.42857142857143,1.2,6.06060606060606,6.66666666666667,6.06060606060606,4.31064931590046,5.53344148393603,4.31064931590046,4.12142131613092,4.41917203287756,4.40615821238356,42.8,5.035,60.019,93.9,1.44,0.99,0.0367,1.3867,2.5,3.8867,64.35,1.44,14.8333,897.8067,23.85,14.1967,54.0,1.02,0.2,11.42,12.7267,118.2667,57.7,9.18
MT,Millet,MT_Millet,2.1457534876494,4.35222003116462,6.70445158651633,9.71133446750403,1.02917577506773,8.88433141919606,1.05263157894737,6.88442211055277,4.44488933377822,6.42469368520264,7.14285714285715,3.75,8.15789473684211,1.42857142857143,1.2,6.06060606060606,6.66666666666667,6.06060606060606,4.36162358823961,3.99816653507652,4.36162358823961,4.04413792685449,4.39490782255315,4.39874258911208,37.8,5.035,60.019,93.9,1.44,0.99,0.0367,1.3867,2.5,3.8867,64.35,1.44,14.8333,897.8067,23.85,14.1967,54.0,1.02,0.2,11.42,12.7267,118.2667,57.7,9.18
MT,Millet,MT_Millet,9.70359256074828,10,0.17111989716045,9.42470147261996,1.56429617432461,0.25430680885972,1.05263157894737,6.88442211055277,4.44488933377822,6.42469368520264,5.71428571428572,3.75,8.15789473684211,1.42857142857143,1.2,6.06060606060606,6.66666666666667,6.06060606060606,4.33369538639936,6.50720622612967,4.33369538639936,5.4591948538159,4.37374226648273,4.40112020077522,48.8,5.035,60.019,93.9,1.44,0.99,0.0367,1.3867,2.5,3.8867,64.35,1.44,14.8333,897.8067,23.85,14.1967,54.0,1.02,0.2,11.42,12.7267,118.2667,57.7,9.18
MT,Millet,MT_Millet,8.97448577311077,9.91788751209577,0.673092352306702,9.73992050742508,0.662265914921069,9.31091058244463,9.73684210526316,6.88442211055277,4.44488933377822,6.42469368520264,8.57142857142858,3.95833333333333,10,4.28571428571429,3.2,7.72727272727273,8.30188679245283,7.72727272727273,5.83556199525955,7.92182840363596,5.83556199525955,6.23581594221901,5.77185151755006,5.71072433659648,80.8,5.035,60.019,93.9,1.44,0.99,0.0367,1.3867,2.5,3.8867,64.35,1.44,14.8333,897.8067,23.85,14.1967,54.0,1.02,0.2,11.42,12.7267,118.2667,57.7,9.18
MT,Millet,MT_Millet,4.3734880922158,6.87436919243562,4.35942761330887,9.3961154326989,1.16247093911722,4.61853978671042,9.73684210526316,6.88442211055277,4.44488933377822,6.42469368520264,9.28571428571429,3.95833333333333,10,4.28571428571429,3.2,7.72727272727273,8.30188679245283,7.72727272727273,5.8462251741457,5.73121849484257,5.8462251741457,6.9606046142515,5.84567025615584,5.77094794622703,80.4,5.035,60.019,93.9,1.44,0.99,0.0367,1.3867,2.5,3.8867,64.35,1.44,14.8333,897.8067,23.85,14.1967,54.0,1.02,0.2,11.42,12.7267,118.2667,57.7,9.18
MT,Millet,MT_Millet,2.79073599030737,4.30149564019697,6.44271847057128,9.24468668068469,1.38278596101036,0,9.73684210526316,6.88442211055277,4.44488933377822,6.42469368520264,7.14285714285715,3.95833333333333,10,4.28571428571429,3.2,7.72727272727273,8.30188679245283,7.72727272727273,5.8361111928516,4.28741511016329,5.8361111928516,7.19749584147239,5.83008538959714,5.73201845558789,76.4,5.035,60.019,93.9,1.44,0.99,0.0367,1.3867,2.5,3.8867,64.35,1.44,14.8333,897.8067,23.85,14.1967,54.0,1.02,0.2,11.42,12.7267,118.2667,57.7,9.18
MT,Millet,MT_Millet,0.484034384820487,0.602308576175252,9.45191715384085,0,10,7.52813781788351,10,6.88442211055277,4.44488933377822,6.42469368520264,10,7.08333333333333,7.10526315789474,8,6.8,6.96969696969697,7.67295597484277,6.96969696969697,6.2129111553147,3.78626090602247,6.2129111553147,7.20048558508343,6.25549555546753,6.22679732341451,83.4,5.035,60.019,93.9,1.44,0.99,0.0367,1.3867,2.5,3.8867,64.35,1.44,14.8333,897.8067,23.85,14.1967,54.0,1.02,0.2,11.42,12.7267,118.2667,57.7,9.18
MT,Millet,MT_Millet,0.456259886446017,1.17314192228273,9.15939705594998,0,10,7.52813781788351,10,6.88442211055277,4.44488933377822,6.42469368520264,10,7.08333333333333,7.10526315789474,8,6.8,6.96969696969697,7.67295597484277,6.96969696969697,6.0458679317031,3.91697869662325,6.0458679317031,7.19933763802926,6.25549555546753,6.2123596608019,82.6,5.035,60.019,93.9,1.44,0.99,0.0367,1.3867,2.5,3.8867,64.35,1.44,14.8333,897.8067,23.85,14.1967,54.0,1.02,0.2,11.42,12.7267,118.2667,57.7,9.18
MT,Millet,MT_Millet,0.928175696620738,2.03131935857752,8.48960035428889,0,10,7.52813781788351,10,6.88442211055277,4.44488933377822,6.42469368520264,10,7.08333333333333,7.10526315789474,8,6.8,6.96969696969697,7.67295597484277,6.96969696969697,6.47793252995766,4.23852871092087,6.47793252995766,7.21884237783773,6.25549555546753,6.2866105234968,86.2,5.035,60.019,93.9,1.44,0.99,0.0367,1.3867,2.5,3.8867,64.35,1.44,14.8333,897.8067,23.85,14.1967,54.0,1.02,0.2,11.42,12.7267,118.2667,57.7,9.18
MT,Pigeon pea,MT_Pigeon pea,1.73520132270549,3.45706264855997,7.36652473085602,9.73992050742508,0.647568630974568,6.16078753076292,8.1578947368421,0,1.60226893560227,6.2205466540999,10,8.54166666666667,6.05263157894737,5.71428571428572,4.8,8.18181818181818,9.30817610062893,8.18181818181818,7.15815639427058,5.8529489418457,7.15815639427058,8.28312007809524,7.15813398847973,7.01365019131001,101,4.35,47.24,92.817,1.3,0.9367,0.05,1.4967,2.3133,3.81,60.9167,2.3567,15.7333,968.4067,22.5,15.06,93.0,0.6867,0.21,11.9967,5.4567,94.96,105.9767,16.69
MT,Pigeon pea,MT_Pigeon pea,3.10531293104003,5.54605849247097,5.63696045200116,9.7368301247309,0.652005171509349,9.63904840032814,8.1578947368421,0,1.60226893560227,6.2205466540999,10,8.54166666666667,6.05263157894737,5.71428571428572,4.8,8.18181818181818,9.30817610062893,8.18181818181818,7.15983110682845,6.9384302239553,7.15983110682845,7.78235591932319,7.15848717898617,7.0734642369269,102.8,4.35,47.24,92.817,1.3,0.9367,0.05,1.4967,2.3133,3.81,60.9167,2.3567,15.7333,968.4067,22.5,15.06,93.0,0.6867,0.21,11.9967,5.4567,94.96,105.9767,16.69
MT,Pigeon pea,MT_Pigeon pea,0.695215365731276,1.05083120973219,9.1177320046646,9.66420613141797,0.756263874076715,10,8.1578947368421,0,1.60226893560227,6.2205466540999,10,8.54166666666667,6.05263157894737,5.71428571428572,4.8,8.18181818181818,9.30817610062893,8.18181818181818,7.20193720364288,5.2881607289005,7.20193720364288,7.6279465141463,7.16678715588749,7.00674963507988,98.8,4.35,47.24,92.817,1.3,0.9367,0.05,1.4967,2.3133,3.81,60.9167,2.3567,15.7333,968.4067,22.5,15.06,93.0,0.6867,0.21,11.9967,5.4567,94.96,105.9767,16.69
MT,Pigeon pea,MT_Pigeon pea,0.350042120952656,0.416610124256686,9.61112687388607,9.43242742935538,1.15091205996606,7.52813781788351,8.42105263157895,0,1.60226893560227,6.2205466540999,10,10,6.31578947368421,7.42857142857143,7,10,10,10,6.23581434743753,5.91589497072412,6.23581434743753,8.84875882617271,6.20447629389763,6.26429815928871,91.4,4.35,47.24,92.817,1.3,0.9367,0.05,1.4967,2.3133,3.81,60.9167,2.3567,15.7333,968.4067,22.5,15.06,93.0,0.6867,0.21,11.9967,5.4567,94.96,105.9767,16.69
MT,Pigeon pea,MT_Pigeon pea,0.652535304592343,1.08542951712271,9.11836115396674,9.60085328618752,0.899362201124019,7.52813781788351,8.42105263157895,0,1.60226893560227,6.2205466540999,10,10,6.31578947368421,7.42857142857143,7,10,10,10,6.20796130273694,6.16689666470251,6.20796130273694,8.85388210087347,6.20447629389763,6.29409888901532,92,4.35,47.24,92.817,1.3,0.9367,0.05,1.4967,2.3133,3.81,60.9167,2.3567,15.7333,968.4067,22.5,15.06,93.0,0.6867,0.21,11.9967,5.4567,94.96,105.9767,16.69
MT,Pigeon pea,MT_Pigeon pea,0.705342128561149,1.67065273848943,8.78206812437153,9.38375390192224,1.22360766137454,7.52813781788351,8.42105263157895,0,1.60226893560227,6.2205466540999,7.14285714285715,10,6.31578947368421,7.42857142857143,7,10,10,10,6.20064318619558,6.17486100994975,6.20064318619558,8.27297633504235,6.20447629389763,6.28264474558321,90.8,4.35,47.24,92.817,1.3,0.9367,0.05,1.4967,2.3133,3.81,60.9167,2.3567,15.7333,968.4067,22.5,15.06,93.0,0.6867,0.21,11.9967,5.4567,94.96,105.9767,16.69
MT,Pigeon pea,MT_Pigeon pea,5.25380280391877,7.41501252216046,3.67638157817291,9.68661140595068,0.608768796095835,7.52813781788351,6.31578947368421,0,1.60226893560227,6.2205466540999,9.28571428571429,5.83333333333333,3.68421052631579,6.28571428571429,6.4,10,9.37106918238994,10,5.90254384098549,8.02823123628521,5.90254384098549,8.00164224404844,5.96242424533127,6.02488645554024,88.2,4.35,47.24,92.817,1.3,0.9367,0.05,1.4967,2.3133,3.81,60.9167,2.3567,15.7333,968.4067,22.5,15.06,93.0,0.6867,0.21,11.9967,5.4567,94.96,105.9767,16.69
MT,Pigeon pea,MT_Pigeon pea,8.3205374064622,9.66475447093811,1.10117110348819,9.66652391843859,0.634761353085487,7.52813781788351,6.31578947368421,0,1.60226893560227,6.2205466540999,10,5.83333333333333,3.68421052631579,6.28571428571429,6.4,10,9.37106918238994,10,5.90618337692156,9.34593939024108,5.90618337692156,8.27730581330371,5.96242424533127,6.02522311909231,90,4.35,47.24,92.817,1.3,0.9367,0.05,1.4967,2.3133,3.81,60.9167,2.3567,15.7333,968.4067,22.5,15.06,93.0,0.6867,0.21,11.9967,5.4567,94.96,105.9767,16.69
MT,Pigeon pea,MT_Pigeon pea,4.29769607404732,6.48748840846979,4.6000526861772,9.63639268717046,0.67375018856996,7.52813781788351,6.31578947368421,0,1.60226893560227,6.2205466540999,10,5.83333333333333,3.68421052631579,6.28571428571429,6.4,10,9.37106918238994,10,5.91159970662058,7.59885209382775,5.91159970662058,8.11218157902462,5.96242424533127,6.00780260940231,88.2,4.35,47.24,92.817,1.3,0.9367,0.05,1.4967,2.3133,3.81,60.9167,2.3567,15.7333,968.4067,22.5,15.06,93.0,0.6867,0.21,11.9967,5.4567,94.96,105.9767,16.69
MT,Sunn hemp,MT_Sunn hemp,1.24789259501538,2.56697512332969,8.06026200150188,8.69846153949052,1.19118411008952,9.83593109105824,5,3.5678391959799,0,10,4.28571428571428,3.33333333333334,8.94736842105263,2.57142857142857,4.4,6.21212121212121,8.05031446540881,6.21212121212121,4.44806938826004,4.46474413826632,4.44806938826004,5.78722804082444,4.52402139169386,4.50564571850148,48.9,4.705,40.037,112.867,1.2633,0.94,0.0367,1.37,2.1767,3.76,58.06,1.4567,14.5,901.8267,22.9867,13.41,36.0,0.72,0.2433,13.3433,5.8833,111.6933,90.6867,7.66
MT,Sunn hemp,MT_Sunn hemp,1.17587114049973,2.31140396807507,8.22904865722348,9.12879732965339,0.800564621322563,9.60623461853979,5,3.5678391959799,0,10,5,3.33333333333334,8.94736842105263,2.57142857142857,4.4,6.21212121212121,8.05031446540881,6.21212121212121,4.44809929390419,4.43249639910213,4.44809929390419,5.95776021798443,4.49291649654227,4.48455361339967,48.4,4.705,40.037,112.867,1.2633,0.94,0.0367,1.37,2.1767,3.76,58.06,1.4567,14.5,901.8267,22.9867,13.41,36.0,0.72,0.2433,13.3433,5.8833,111.6933,90.6867,7.66
MT,Sunn hemp,MT_Sunn hemp,0.617884007153555,0.895756826275738,9.23520783587464,9.93847759552536,0.0656108973947821,0,5,3.5678391959799,0,10,4.28571428571428,3.33333333333334,8.94736842105263,2.57142857142857,4.4,6.21212121212121,8.05031446540881,6.21212121212121,4.44806938826004,3.29674199662687,4.44806938826004,7.30474969079001,4.41977992877956,4.51978156516582,48.1,4.705,40.037,112.867,1.2633,0.94,0.0367,1.37,2.1767,3.76,58.06,1.4567,14.5,901.8267,22.9867,13.41,36.0,0.72,0.2433,13.3433,5.8833,111.6933,90.6867,7.66
MT,Sunn hemp,MT_Sunn hemp,5.2700168097826,7.59332079369246,3.57386260618206,9.61166962561711,0.780162503302749,8.88433141919606,8.68421052631579,3.5678391959799,0,10,10,8.125,8.42105263157895,6,6.6,9.09090909090909,10,9.09090909090909,7.0998470961627,8.6893103433487,7.0998470961627,8.92129971412213,7.01682004014497,6.96292021795373,100.2,4.705,40.037,112.867,1.2633,0.94,0.0367,1.37,2.1767,3.76,58.06,1.4567,14.5,901.8267,22.9867,13.41,36.0,0.72,0.2433,13.3433,5.8833,111.6933,90.6867,7.66
MT,Sunn hemp,MT_Sunn hemp,3.98230582739878,5.61959240089373,5.2049471367356,9.75537242089592,0.582189342488357,10,8.68421052631579,3.5678391959799,0,10,7.14285714285715,8.125,8.42105263157895,6,6.6,9.09090909090909,10,9.09090909090909,7.03279644676042,7.86888669788785,7.03279644676042,8.09084215182792,7.01682004014497,7.00377708363022,98.3,4.705,40.037,112.867,1.2633,0.94,0.0367,1.37,2.1767,3.76,58.06,1.4567,14.5,901.8267,22.9867,13.41,36.0,0.72,0.2433,13.3433,5.8833,111.6933,90.6867,7.66
MT,Sunn hemp,MT_Sunn hemp,0.702022086507372,1.42731249313221,8.91355522021644,9.8194978617999,0.493846480404513,0,8.68421052631579,3.5678391959799,0,10,9.28571428571429,8.125,8.42105263157895,6,6.6,9.09090909090909,10,9.09090909090909,7.03466337297665,5.44396616768154,7.03466337297665,10,7.01682004014497,6.94924039257193,95.7,4.705,40.037,112.867,1.2633,0.94,0.0367,1.37,2.1767,3.76,58.06,1.4567,14.5,901.8267,22.9867,13.41,36.0,0.72,0.2433,13.3433,5.8833,111.6933,90.6867,7.66
MT,Sunn hemp,MT_Sunn hemp,0.582862125607635,0.997244334047125,9.1966731466705,8.91015275404102,1.57251770067438,10,7.36842105263158,3.5678391959799,0,10,7.14285714285715,5.02916666666666,5.78947368421053,7.42857142857143,3.4,1.81818181818182,2.20125786163522,1.81818181818182,5.26788616463407,3.18271854072711,5.26788616463407,5.39616292788717,5.23596907166835,5.23018544474082,58.4,4.705,40.037,112.867,1.2633,0.94,0.0367,1.37,2.1767,3.76,58.06,1.4567,14.5,901.8267,22.9867,13.41,36.0,0.72,0.2433,13.3433,5.8833,111.6933,90.6867,7.66
MT,Sunn hemp,MT_Sunn hemp,10,0.563889319624172,0,8.97582338629208,1.4892330916442,5.07793273174733,7.36842105263158,3.5678391959799,0,10,6.42857142857143,5.02916666666666,5.78947368421053,7.42857142857143,3.4,1.81818181818182,2.20125786163522,1.81818181818182,5.26758811168121,5.84850455910115,5.26758811168121,7.07691567598897,5.24149232554269,5.24503394833944,70.8,4.705,40.037,112.867,1.2633,0.94,0.0367,1.37,2.1767,3.76,58.06,1.4567,14.5,901.8267,22.9867,13.41,36.0,0.72,0.2433,13.3433,5.8833,111.6933,90.6867,7.66
MT,Sunn hemp,MT_Sunn hemp,1.07460535268275,2.48697238670394,8.1806024195912,9.02526950939877,1.42652468013913,8.03117309269893,7.36842105263158,3.5678391959799,0,10,6.42857142857143,5.02916666666666,5.78947368421053,7.42857142857143,3.4,1.81818181818182,2.20125786163522,1.81818181818182,5.26732202024285,3.49910541331795,5.26732202024285,5.57963325800263,5.24565101081277,5.23568188131331,61,4.705,40.037,112.867,1.2633,0.94,0.0367,1.37,2.1767,3.76,58.06,1.4567,14.5,901.8267,22.9867,13.41,36.0,0.72,0.2433,13.3433,5.8833,111.6933,90.6867,7.66
NT,Cowpea,NT_Cowpea,0.0961767607419286,0.104878438793735,9.89134844710872,9.94904495934092,0.0382546869693193,7.57178014766202,5.26315789473684,4.57286432160804,4.76587698809921,0.813383600377004,5.71428571428572,7.5,2.36842105263158,4.28571428571429,2.6,7.12121212121212,6.33962264150943,7.12121212121212,5.24521674463874,2.81280574909128,5.24521674463874,4.12899191491371,5.2682345329591,5.17913589178413,52.4,4.805,61.462,64.132,1.3967,0.6867,0.0433,1.43,2.2567,3.4467,63.6067,1.61,12.6667,667.85,20.6867,20.3533,321.0,0.6933,0.1867,16.6767,3.49,58.29,100.1067,8.17
NT,Cowpea,NT_Cowpea,0.26521366328972,0.520842325660723,9.59342992700618,9.98353760224861,0.00805567680152719,8.72026251025431,5.26315789473684,4.57286432160804,4.76587698809921,0.813383600377004,7.14285714285715,7.5,2.36842105263158,4.28571428571429,2.6,7.12121212121212,6.33962264150943,7.12121212121212,5.24521674463874,3.10134663787879,5.24521674463874,4.24730487095108,5.26252473304241,5.19240462624111,53.8,4.805,61.462,64.132,1.3967,0.6867,0.0433,1.43,2.2567,3.4467,63.6067,1.61,12.6667,667.85,20.6867,20.3533,321.0,0.6933,0.1867,16.6767,3.49,58.29,100.1067,8.17
NT,Cowpea,NT_Cowpea,3.56307527588974,5.98483996467558,5.19755693412853,10,0,9.08121410992617,5.26315789473684,4.57286432160804,4.76587698809921,0.813383600377004,5,7.5,2.36842105263158,4.28571428571429,2.6,7.12121212121212,6.33962264150943,7.12121212121212,5.24521674463874,5.1532137320823,5.24521674463874,3.88106639957478,5.26100162673943,5.18846786407861,58,4.805,61.462,64.132,1.3967,0.6867,0.0433,1.43,2.2567,3.4467,63.6067,1.61,12.6667,667.85,20.6867,20.3533,321.0,0.6933,0.1867,16.6767,3.49,58.29,100.1067,8.17
NT,Cowpea,NT_Cowpea,0.0038898244342837,0.121708041726443,9.92368483977155,9.58922397991755,0.400239078900369,6.84987694831829,3.15789473684211,4.57286432160804,4.76587698809921,0.813383600377004,4.28571428571428,5.20833333333333,0,3.42857142857143,3.2,5.75757575757576,4.15723270440252,5.75757575757576,4.1914925940812,1.93874210973218,4.1914925940812,2.98021956774162,4.19184499020741,4.19383437037558,25.6,4.805,61.462,64.132,1.3967,0.6867,0.0433,1.43,2.2567,3.4467,63.6067,1.61,12.6667,667.85,20.6867,20.3533,321.0,0.6933,0.1867,16.6767,3.49,58.29,100.1067,8.17
NT,Cowpea,NT_Cowpea,0.154573705058241,0.0420780412730279,9.89874754948396,9.35012725067109,0.621886894169327,8.42493847415915,3.15789473684211,4.57286432160804,4.76587698809921,0.813383600377004,7.14285714285715,5.20833333333333,0,3.42857142857143,3.2,5.75757575757576,4.15723270440252,5.75757575757576,4.18746952945705,2.17590170695824,4.18746952945705,3.33308630143616,4.22713550700184,4.20306436884369,27.2,4.805,61.462,64.132,1.3967,0.6867,0.0433,1.43,2.2567,3.4467,63.6067,1.61,12.6667,667.85,20.6867,20.3533,321.0,0.6933,0.1867,16.6767,3.49,58.29,100.1067,8.17
NT,Cowpea,NT_Cowpea,0.196104728302475,0.233367535776622,9.77795628528093,9.85340626764234,0.155336410881883,8.91714520098441,3.15789473684211,4.57286432160804,4.76587698809921,0.813383600377004,5.71428571428572,5.20833333333333,0,3.42857142857143,3.2,5.75757575757576,4.15723270440252,5.75757575757576,4.14567147398812,2.24281310888585,4.14567147398812,2.9459222368181,4.15285186181489,4.21035395828267,26,4.805,61.462,64.132,1.3967,0.6867,0.0433,1.43,2.2567,3.4467,63.6067,1.61,12.6667,667.85,20.6867,20.3533,321.0,0.6933,0.1867,16.6767,3.49,58.29,100.1067,8.17
NT,Cowpea,NT_Cowpea,0.835271497339045,1.56686749777689,8.77932950196502,9.43400708683296,0.647155350705112,7.52813781788351,5.52631578947368,4.57286432160804,4.76587698809921,0.813383600377004,8.57142857142858,4.16666666666667,0.263157894736841,0.857142857142857,0.199999999999999,5.3030303030303,5.28930817610063,5.3030303030303,3.88916825523419,1.80995804394254,3.88916825523419,3.47195067640665,3.93114150473665,3.90929728058062,24,4.805,61.462,64.132,1.3967,0.6867,0.0433,1.43,2.2567,3.4467,63.6067,1.61,12.6667,667.85,20.6867,20.3533,321.0,0.6933,0.1867,16.6767,3.49,58.29,100.1067,8.17
NT,Cowpea,NT_Cowpea,0.221553791149322,0.286357388155348,9.7382509398643,9.6346915546595,0.441737484750929,7.52813781788351,5.52631578947368,4.57286432160804,4.76587698809921,0.813383600377004,8.57142857142858,4.16666666666667,0.263157894736841,0.857142857142857,0.199999999999999,5.3030303030303,5.28930817610063,5.3030303030303,3.94801190944643,1.36802070575082,3.94801190944643,3.4405593172915,3.86777284998994,3.96208740051682,22.4,4.805,61.462,64.132,1.3967,0.6867,0.0433,1.43,2.2567,3.4467,63.6067,1.61,12.6667,667.85,20.6867,20.3533,321.0,0.6933,0.1867,16.6767,3.49,58.29,100.1067,8.17
NT,Cowpea,NT_Cowpea,0.534428077974004,0.654640089340504,9.40139297738341,9.1369000036054,0.951270081941965,7.52813781788351,5.52631578947368,4.57286432160804,4.76587698809921,0.813383600377004,7.85714285714286,4.16666666666667,0.263157894736841,0.857142857142857,0.199999999999999,5.3030303030303,5.28930817610063,5.3030303030303,3.95738821724076,1.46237010777805,3.95738821724076,3.32028757986732,4.02495681781869,3.93654127542701,22.4,4.805,61.462,64.132,1.3967,0.6867,0.0433,1.43,2.2567,3.4467,63.6067,1.61,12.6667,667.85,20.6867,20.3533,321.0,0.6933,0.1867,16.6767,3.49,58.29,100.1067,8.17
NT,Millet,NT_Millet,0.463804574330764,1.24759718288905,9.1162420031201,9.72327493303606,0.210889670227984,5.17637407711239,6.57894736842105,10,1.98932265598932,5.30933081998115,7.14285714285715,5,0,0,0,5,5.30817610062893,5,3.83592219901143,1.67455314262197,3.83592219901143,3.91827892536286,3.84850456007144,3.897045290718,23.8,5.345,48.98,87.983,1.21,0.6867,0.0867,1.6433,1.89,3.5333,48.19,4.7367,13.0667,822.76,20.8567,21.31,159.0,0.5267,0.1833,60.6467,2.02,127.9933,324.61,18.4067
NT,Millet,NT_Millet,0.393691786734288,0.508563008468211,9.54245572726517,8.03078365945208,1.63822186386878,6.55455291222313,6.57894736842105,10,1.98932265598932,5.30933081998115,7.85714285714286,5,0,0,0,5,5.30817610062893,5,4.05432798556413,1.48738799588544,4.05432798556413,3.88449590808255,4.07256897818249,3.98257855218878,25.6,5.345,48.98,87.983,1.21,0.6867,0.0867,1.6433,1.89,3.5333,48.19,4.7367,13.0667,822.76,20.8567,21.31,159.0,0.5267,0.1833,60.6467,2.02,127.9933,324.61,18.4067
NT,Millet,NT_Millet,0.635251033676508,1.08656224782825,9.12549613863522,10,0,6.88269073010664,6.57894736842105,10,1.98932265598932,5.30933081998115,10,5,0,0,0,5,5.30817610062893,5,3.75,1.94366588924565,3.75,4.23827699181517,3.78134932608079,3.9115765466514,26.2,5.345,48.98,87.983,1.21,0.6867,0.0867,1.6433,1.89,3.5333,48.19,4.7367,13.0667,822.76,20.8567,21.31,159.0,0.5267,0.1833,60.6467,2.02,127.9933,324.61,18.4067
NT,Millet,NT_Millet,1.87061933280756,3.53054976326412,7.26662351779083,9.66212888424516,0.338054552949914,7.60459392945037,9.47368421052632,10,1.98932265598932,5.30933081998115,4.28571428571428,4.58333333333333,1.05263157894737,4.28571428571429,3.8,4.6969696969697,5.05660377358491,4.6969696969697,4.96450843252256,3.4159973060035,4.96450843252256,4.0009870538354,4.89946216719733,4.84696673597041,49.4,5.345,48.98,87.983,1.21,0.6867,0.0867,1.6433,1.89,3.5333,48.19,4.7367,13.0667,822.76,20.8567,21.31,159.0,0.5267,0.1833,60.6467,2.02,127.9933,324.61,18.4067
NT,Millet,NT_Millet,4.67580717367337,7.43295226572765,3.92563171460908,10,0,9.54060705496308,9.47368421052632,10,1.98932265598932,5.30933081998115,5.71428571428572,4.58333333333333,1.05263157894737,4.28571428571429,3.8,4.6969696969697,5.05660377358491,4.6969696969697,5.03751431521973,5.26612912061818,5.03751431521973,4.09299246288626,4.85572962514919,4.93807385574779,55.4,5.345,48.98,87.983,1.21,0.6867,0.0867,1.6433,1.89,3.5333,48.19,4.7367,13.0667,822.76,20.8567,21.31,159.0,0.5267,0.1833,60.6467,2.02,127.9933,324.61,18.4067
NT,Millet,NT_Millet,0.462683397309418,0.918508254976713,9.29255417537741,9.98588937335595,0.0358373531006095,6.88269073010664,9.47368421052632,10,1.98932265598932,5.30933081998115,7.14285714285715,4.58333333333333,1.05263157894737,4.28571428571429,3.8,4.6969696969697,5.05660377358491,4.6969696969697,4.7225604846276,2.54178210088061,4.7225604846276,4.64224238560713,4.86036573650368,4.75266545522562,45.8,5.345,48.98,87.983,1.21,0.6867,0.0867,1.6433,1.89,3.5333,48.19,4.7367,13.0667,822.76,20.8567,21.31,159.0,0.5267,0.1833,60.6467,2.02,127.9933,324.61,18.4067
NT,Millet,NT_Millet,1.31756334447459,2.50166884149886,8.06395126944678,10,0,7.52813781788351,8.94736842105263,10,1.98932265598932,5.30933081998115,8.57142857142858,9.58333333333334,3.1578947368421,9.42857142857143,5.8,5,4.45911949685535,5,7.11865567234846,4.78165148239761,7.11865567234846,5.98323206362937,7.17924839421778,7.0473168150479,93.8,5.345,48.98,87.983,1.21,0.6867,0.0867,1.6433,1.89,3.5333,48.19,4.7367,13.0667,822.76,20.8567,21.31,159.0,0.5267,0.1833,60.6467,2.02,127.9933,324.61,18.4067
NT,Millet,NT_Millet,2.12025803368797,4.14365720018982,6.82728989202044,8.64224414736107,1.17041981732572,7.52813781788351,8.94736842105263,10,1.98932265598932,5.30933081998115,4.28571428571428,9.58333333333334,3.1578947368421,9.42857142857143,5.8,5,4.45911949685535,5,7.15427938096555,5.08637441407283,7.15427938096555,5.16184197252149,7.2127549591701,7.06656098203059,92.6,5.345,48.98,87.983,1.21,0.6867,0.0867,1.6433,1.89,3.5333,48.19,4.7367,13.0667,822.76,20.8567,21.31,159.0,0.5267,0.1833,60.6467,2.02,127.9933,324.61,18.4067
NT,Millet,NT_Millet,0.412511825161883,0.578124291539066,9.49686594564742,8.07154769197934,1.66640222362428,7.52813781788351,8.94736842105263,10,1.98932265598932,5.30933081998115,5,9.58333333333334,3.1578947368421,9.42857142857143,5.8,5,4.45911949685535,5,7.14706621968724,3.801476249354,7.14706621968724,5.25395847035743,7.20617646458607,6.97740373924546,88.2,5.345,48.98,87.983,1.21,0.6867,0.0867,1.6433,1.89,3.5333,48.19,4.7367,13.0667,822.76,20.8567,21.31,159.0,0.5267,0.1833,60.6467,2.02,127.9933,324.61,18.4067
NT,Pigeon pea,NT_Pigeon pea,10,10,0,9.59080954243148,0.469077453652034,9.96718621821165,3.15789473684211,0.603015075376889,4.51518184851518,8.98209236569274,2.85714285714286,8.125,4.21052631578947,10,10,6.36363636363636,5.34591194968553,6.36363636363636,7.03092556946604,10,7.03092556946604,5.64037904450788,7.04914508591222,6.96838558794362,94.4,4.41,60.335,107.467,1.2067,0.6733,0.08,1.9133,1.98,3.8933,50.8533,4.14,13.9333,854.1233,22.79,17.7167,57.0,0.76,0.1833,15.1833,3.1433,49.52,97.0467,15.16
NT,Pigeon pea,NT_Pigeon pea,10,10,0,9.49268989189165,0.567616401045633,9.67186218211649,3.15789473684211,0.603015075376889,4.51518184851518,8.98209236569274,0.714285714285712,8.125,4.21052631578947,10,10,6.36363636363636,5.34591194968553,6.36363636363636,7.04690654668004,9.87754878181173,7.04690654668004,5.24615652726427,7.04914508591222,6.97201895838781,93.4,4.41,60.335,107.467,1.2067,0.6733,0.08,1.9133,1.98,3.8933,50.8533,4.14,13.9333,854.1233,22.79,17.7167,57.0,0.76,0.1833,15.1833,3.1433,49.52,97.0467,15.16
NT,Pigeon pea,NT_Pigeon pea,2.17523341997196,3.99255060135576,6.8833972814243,9.59389992512565,0.465973864757746,8.06398687448728,3.15789473684211,0.603015075376889,4.51518184851518,8.98209236569274,1.42857142857143,8.125,4.21052631578947,10,10,6.36363636363636,5.34591194968553,6.36363636363636,7.06722822797324,6.42213267827943,7.06722822797324,5.26019713058603,7.04914508591222,6.91412050143242,90.4,4.41,60.335,107.467,1.2067,0.6733,0.08,1.9133,1.98,3.8933,50.8533,4.14,13.9333,854.1233,22.79,17.7167,57.0,0.76,0.1833,15.1833,3.1433,49.52,97.0467,15.16
NT,Pigeon pea,NT_Pigeon pea,0.0696621821482706,0.10871875087234,9.90117040766285,9.50534414375568,0.548498858430683,6.9811320754717,6.31578947368421,0.603015075376889,4.51518184851518,8.98209236569274,5,10,3.42105263157895,1.42857142857143,2.2,6.21212121212121,7.94968553459119,6.21212121212121,4.44889911128849,3.2717905648711,4.44889911128849,5.04417527303359,4.40665774336633,4.51833249364167,40.9,4.41,60.335,107.467,1.2067,0.6733,0.08,1.9133,1.98,3.8933,50.8533,4.14,13.9333,854.1233,22.79,17.7167,57.0,0.76,0.1833,15.1833,3.1433,49.52,97.0467,15.16
NT,Pigeon pea,NT_Pigeon pea,0,0.00461079485908059,10,9.5751133532735,0.478880652336985,8.55619360131255,6.31578947368421,0.603015075376889,4.51518184851518,8.98209236569274,9.28571428571429,10,3.42105263157895,1.42857142857143,2.2,6.21212121212121,7.94968553459119,6.21212121212121,4.44889911128849,3.53330067520924,4.44889911128849,5.6737118179998,4.39210929410807,4.49800031545073,43.9,4.41,60.335,107.467,1.2067,0.6733,0.08,1.9133,1.98,3.8933,50.8533,4.14,13.9333,854.1233,22.79,17.7167,57.0,0.76,0.1833,15.1833,3.1433,49.52,97.0467,15.16
NT,Pigeon pea,NT_Pigeon pea,0,0,10,9.29211689668998,0.761264611885583,7.76866283839212,6.31578947368421,0.603015075376889,4.51518184851518,8.98209236569274,5.71428571428572,10,3.42105263157895,1.42857142857143,2.2,6.21212121212121,7.94968553459119,6.21212121212121,4.45156784130826,3.29807966220265,4.45156784130826,5.06706336756163,4.4511204197511,4.50175734453014,42,4.41,60.335,107.467,1.2067,0.6733,0.08,1.9133,1.98,3.8933,50.8533,4.14,13.9333,854.1233,22.79,17.7167,57.0,0.76,0.1833,15.1833,3.1433,49.52,97.0467,15.16
NT,Pigeon pea,NT_Pigeon pea,0.774677971374713,5.98902235497295,6.44400398701348,9.20528430133404,0.931318224594839,7.52813781788351,4.47368421052631,0.603015075376889,4.51518184851518,8.98209236569274,5,7.91666666666667,5,8,3,1.81818181818182,2.24528301886792,1.81818181818182,5.27986519102874,4.30678336286782,5.27986519102874,4.3581213353131,5.33288048181547,5.26083821816322,62,4.41,60.335,107.467,1.2067,0.6733,0.08,1.9133,1.98,3.8933,50.8533,4.14,13.9333,854.1233,22.79,17.7167,57.0,0.76,0.1833,15.1833,3.1433,49.52,97.0467,15.16
NT,Pigeon pea,NT_Pigeon pea,1.46411266600567,3.21261871687428,7.61851180141134,9.36598420143077,0.760620835409077,7.52813781788351,4.47368421052631,0.603015075376889,4.51518184851518,8.98209236569274,3.57142857142857,7.91666666666667,5,8,3,1.81818181818182,2.24528301886792,1.81818181818182,5.28004153598002,3.75644078394426,5.28004153598002,4.08530910372812,5.30400359433274,5.22782737720079,57.4,4.41,60.335,107.467,1.2067,0.6733,0.08,1.9133,1.98,3.8933,50.8533,4.14,13.9333,854.1233,22.79,17.7167,57.0,0.76,0.1833,15.1833,3.1433,49.52,97.0467,15.16
NT,Pigeon pea,NT_Pigeon pea,10,10,0,9.36057603171598,0.766365459083597,7.52813781788351,4.47368421052631,0.603015075376889,4.51518184851518,8.98209236569274,2.42857142857143,7.91666666666667,5,8,3,1.81818181818182,2.24528301886792,1.81818181818182,5.28091024171303,7.44636220172763,5.28091024171303,4.56128449476088,5.30497541266149,5.25695174475804,68.6,4.41,60.335,107.467,1.2067,0.6733,0.08,1.9133,1.98,3.8933,50.8533,4.14,13.9333,854.1233,22.79,17.7167,57.0,0.76,0.1833,15.1833,3.1433,49.52,97.0467,15.16
NT,Sunn hemp,NT_Sunn hemp,5.31019855777327,7.32871038286459,3.69723224121641,9.62094077369962,0.76172499684262,8.35931091058244,2.10526315789474,8.14070351758794,1.1827382938494,5.31253534401508,5.71428571428572,6.66666666666666,2.36842105263158,8.85714285714286,5.6,4.09090909090909,4.49685534591195,4.09090909090909,6.9764875295803,6.52981889912231,6.9764875295803,4.89494889757905,6.87986902702524,6.87465542025817,86.2,5.16,45.354,88,1.1667,0.5467,0.1067,2.0767,1.6867,3.7233,44.72,5.9167,13.5,865.91,22.0533,17.82,72.0,1.0533,0.17,25.83,8.3433,141.65,138.54,2.6933
NT,Sunn hemp,NT_Sunn hemp,2.46153757219482,4.37477783068516,6.5509881547347,9.51045959238312,0.913218929744983,8.94995898277277,2.10526315789474,8.14070351758794,1.1827382938494,5.31253534401508,4.28571428571428,6.66666666666666,2.36842105263158,8.85714285714286,5.6,4.09090909090909,4.49685534591195,4.09090909090909,6.941005236537,5.09473158604288,6.941005236537,4.39068140877079,6.8858992005878,6.88790686962864,82,5.16,45.354,88,1.1667,0.5467,0.1067,2.0767,1.6867,3.7233,44.72,5.9167,13.5,865.91,22.0533,17.82,72.0,1.0533,0.17,25.83,8.3433,141.65,138.54,2.6933
NT,Sunn hemp,NT_Sunn hemp,2.50783778421783,4.31443652375596,6.56249060800891,9.34898709661285,1.13463313937151,8.88433141919606,2.10526315789474,8.14070351758794,1.1827382938494,5.31253534401508,3.57142857142857,6.66666666666666,2.36842105263158,8.85714285714286,5.6,4.09090909090909,4.49685534591195,4.09090909090909,6.94133438379043,5.04068649179489,6.94133438379043,4.26145941622412,6.89471253117925,6.88022333855956,81.2,5.16,45.354,88,1.1667,0.5467,0.1067,2.0767,1.6867,3.7233,44.72,5.9167,13.5,865.91,22.0533,17.82,72.0,1.0533,0.17,25.83,8.3433,141.65,138.54,2.6933
NT,Sunn hemp,NT_Sunn hemp,0.436473829711464,0.757053790024967,9.39054543692401,0.175186068975643,9.65904290724178,5.76702214930271,7.36842105263158,8.14070351758794,1.1827382938494,5.31253534401508,2.57142857142857,4.58333333333333,2.89473684210526,5.14285714285714,2.8,4.24242424242424,4.15723270440252,4.24242424242424,4.54780633254621,1.50853377632971,4.54780633254621,4.36273393117069,4.86445339866646,4.72995028732232,40.8,5.16,45.354,88,1.1667,0.5467,0.1067,2.0767,1.6867,3.7233,44.72,5.9167,13.5,865.91,22.0533,17.82,72.0,1.0533,0.17,25.83,8.3433,141.65,138.54,2.6933
NT,Sunn hemp,NT_Sunn hemp,4.21136680066804,6.11052627927169,4.84009761161225,0,10,9.27809680065628,7.36842105263158,8.14070351758794,1.1827382938494,5.31253534401508,2,4.58333333333333,2.89473684210526,5.14285714285714,2.8,4.24242424242424,4.15723270440252,4.24242424242424,5.06295187676665,3.92329141705486,5.06295187676665,3.84745373557922,4.83731956053495,4.92970433713507,50.3,5.16,45.354,88,1.1667,0.5467,0.1067,2.0767,1.6867,3.7233,44.72,5.9167,13.5,865.91,22.0533,17.82,72.0,1.0533,0.17,25.83,8.3433,141.65,138.54,2.6933
NT,Sunn hemp,NT_Sunn hemp,4.36563799914638,6.55186204308152,4.5352368818403,0,10,7.99835931091058,7.36842105263158,8.14070351758794,1.1827382938494,5.31253534401508,4.28571428571428,4.58333333333333,2.89473684210526,5.14285714285714,2.8,4.24242424242424,4.15723270440252,4.24242424242424,4.92080625606037,4.07532113511638,4.92080625606037,4.53303595572175,4.83731956053495,4.92326535640082,51.7,5.16,45.354,88,1.1667,0.5467,0.1067,2.0767,1.6867,3.7233,44.72,5.9167,13.5,865.91,22.0533,17.82,72.0,1.0533,0.17,25.83,8.3433,141.65,138.54,2.6933
NT,Sunn hemp,NT_Sunn hemp,2.0080846534811,3.98782766292968,6.96077187213712,9.44498201866722,1.05058768222642,7.52813781788351,7.36842105263158,8.14070351758794,1.1827382938494,5.31253534401508,8.57142857142858,6.66666666666666,1.31578947368421,0.285714285714288,0,2.72727272727273,3.28930817610063,2.72727272727273,3.71922934113864,2.67287036820681,3.71922934113864,4.05408144081624,3.69050936076846,3.80434918216949,21.6,5.16,45.354,88,1.1667,0.5467,0.1067,2.0767,1.6867,3.7233,44.72,5.9167,13.5,865.91,22.0533,17.82,72.0,1.0533,0.17,25.83,8.3433,141.65,138.54,2.6933
NT,Sunn hemp,NT_Sunn hemp,2.46378355848731,4.69947460335466,6.37651871124082,9.47712289046757,1.00506711542938,7.52813781788351,7.36842105263158,8.14070351758794,1.1827382938494,5.31253534401508,5.28571428571429,6.66666666666666,1.31578947368421,0.285714285714288,0,2.72727272727273,3.28930817610063,2.72727272727273,3.74359392092782,2.81464524113801,3.74359392092782,3.39009075384688,3.67601389348769,3.8199885839206,21,5.16,45.354,88,1.1667,0.5467,0.1067,2.0767,1.6867,3.7233,44.72,5.9167,13.5,865.91,22.0533,17.82,72.0,1.0533,0.17,25.83,8.3433,141.65,138.54,2.6933
NT,Sunn hemp,NT_Sunn hemp,3.42178748852232,5.92590892361054,5.29231037982244,9.46066049271617,1.02838252769127,7.52813781788351,7.36842105263158,8.14070351758794,1.1827382938494,5.31253534401508,5.71428571428572,6.66666666666666,1.31578947368421,0.285714285714288,0,2.72727272727273,3.28930817610063,2.72727272727273,3.72200734916289,3.36038325686131,3.72200734916289,3.51925991251514,3.6834384011193,3.83874896197152,23.4,5.16,45.354,88,1.1667,0.5467,0.1067,2.0767,1.6867,3.7233,44.72,5.9167,13.5,865.91,22.0533,17.82,72.0,1.0533,0.17,25.83,8.3433,141.65,138.54,2.6933
